FEATURE_ID,FEATURE_NA,FEATURE_CL,STATE_ALPH,STATE_NUME,COUNTY_NAM,COUNTY_NUM,PRIMARY_LA,PRIM_LONG_,PRIM_LAT_D,PRIM_LON_1,SOURCE_LAT,SOURCE_LON,SOURCE_L_1,SOURCE_L_2,ELEV_IN_M,ELEV_IN_FT,MAP_NAME,DATE_CREAT,DATE_EDITE
865246,Annett State Reservation,Park,NH,33,Cheshire,5,424659N,0715807W,42.783140600000003,-71.968690300000006,,,,,336,1102,Peterborough South,08/27/1980,
865439,Bear Brook State Park,Park,NH,33,Merrimack,13,430628N,0712110W,43.107860799999997,-71.352843699999994,,,,,188,617,Candia,08/27/1980,
865528,Belknap Mountain State Forest,Park,NH,33,Belknap,1,433057N,0712225W,43.515911099999997,-71.373682099999996,,,,,589,1932,West Alton,08/27/2002,
865532,Bellamy Park,Park,NH,33,Strafford,17,431044N,0705334W,43.178973599999999,-70.892836599999995,,,,,27,89,Dover West,08/27/1980,
865589,Binney Pond State Forest,Park,NH,33,Hillsborough,11,424332N,0715448W,42.725642000000001,-71.913410700000000,,,,,394,1293,Ashburnham,08/27/1980,
865713,Bond Park,Park,NH,33,Belknap,1,433319N,0712828W,43.555354199999996,-71.474517899999995,,,,,172,564,Laconia,08/27/1980,
865986,Canobie Lake Park,Park,NH,33,Rockingham,15,424729N,0711452W,42.791477800000003,-71.247838700000003,,,,,73,239,Salem Depot,08/27/1980,
865991,Captain John Smith Monument,Park,NH,33,Rockingham,15,425831N,0703649W,42.975369399999998,-70.613660199999998,,,,,9,30,Isles of Shoals,08/27/1980,
866006,Carr Playground,Park,NH,33,Rockingham,15,425235N,0711851W,42.876475900000003,-71.314229699999999,,,,,87,285,Derry,08/27/1980,
866223,Clough State Park,Park,NH,33,Hillsborough,11,430548N,0713925W,43.096748300000002,-71.657018199999996,,,,,134,440,Weare,08/27/1980,
866428,Crystal Lake Park,Park,NH,33,Hillsborough,11,425716N,0712424W,42.954529500000000,-71.406732300000002,,,,,70,230,Manchester South,08/27/1980,
866432,Cullerot Park,Park,NH,33,Hillsborough,11,430006N,0712900W,43.001750600000001,-71.483400900000007,,,,,82,269,Manchester North,08/27/1980,
866448,Curtiss Dogwood State Park,Park,NH,33,Hillsborough,11,425121N,0714325W,42.855918799999998,-71.723685000000003,,,,,232,761,Milford,08/27/1980,
866559,Derryfield Park,Park,NH,33,Hillsborough,11,425958N,0712627W,42.999528499999997,-71.440899999999999,,,,,137,449,Manchester South,08/27/1980,
866633,Drew Lake Recreation Area,Park,NH,33,Merrimack,13,430936N,0714117W,43.160080299999997,-71.688130900000004,,,,,126,413,Hopkinton,08/27/1980,
866782,Elm Brook Recreation Area,Park,NH,33,Merrimack,13,431118N,0714339W,43.188412700000001,-71.727576700000000,,,,,123,404,Hopkinton,08/27/1980,
867143,Gossler Park,Park,NH,33,Hillsborough,11,425919N,0712852W,42.988695200000002,-71.481178600000007,,,,,60,197,Manchester South,08/27/1980,
867226,Greeley Park,Park,NH,33,Hillsborough,11,424650N,0712749W,42.780643800000000,-71.463677099999998,,,,,45,148,Nashua North,08/27/1980,
867345,Hampton Beach State Park,Park,NH,33,Rockingham,15,425555N,0704753W,42.932034799999997,-70.798107700000003,,,,,3,10,Hampton,08/27/1980,
867382,Harriman Park,Park,NH,33,Hillsborough,11,425916N,0712650W,42.987862100000001,-71.447288900000004,,,,,79,259,Manchester South,08/27/1980,
867582,Hood Park,Park,NH,33,Rockingham,15,425307N,0711944W,42.885364600000003,-71.328952299999997,,,,,86,282,Derry,08/27/1980,
867637,Howe Park,Park,NH,33,Hillsborough,11,425826N,0712709W,42.973973399999998,-71.452566800000000,,,,,74,243,Manchester South,08/27/1980,
867894,Kingston State Park,Park,NH,33,Rockingham,15,425538N,0710329W,42.927310200000001,-71.058114000000003,,,,,40,131,Kingston,08/27/1980,
867971,Leavitt Park,Park,NH,33,Belknap,1,433311N,0712809W,43.553132099999999,-71.469239900000005,,,,,169,554,Laconia,08/27/1980,
868108,Livingston Park,Park,NH,33,Hillsborough,11,430045N,0712726W,43.012583800000002,-71.457289399999993,,,,,81,266,Manchester North,08/27/1980,
868280,Marshall State Forest,Park,NH,33,Hillsborough,11,424423N,0714929W,42.739809100000002,-71.824797799999999,,,,,359,1178,Ashby,08/27/1980,
868456,Miller State Park,Park,NH,33,Hillsborough,11,425134N,0715259W,42.859528699999998,-71.883133200000003,,,,,593,1946,Peterborough South,08/27/1980,
868526,Moody Park,Park,NH,33,Sullivan,19,432135N,0722206W,43.359795900000002,-72.368422699999996,,,,,172,564,Claremont South,08/27/1980,
868536,Moore Park,Park,NH,33,Rockingham,15,430339N,0711726W,43.060917199999999,-71.290619500000005,,,,,151,495,Candia,08/27/1980,
868593,Mount Cardigan State Park,Park,NH,33,Grafton,9,433922N,0715437W,43.656183700000000,-71.910360200000000,,,,,930,3051,Mount Cardigan,08/27/1980,
868595,Mount Kearsarge State Forest Park,Park,NH,33,Merrimack,13,432242N,0715115W,43.378409200000000,-71.854247400000006,,,,,751,2464,Andover,08/27/2002,
868779,North Common,Park,NH,33,Hillsborough,11,424611N,0712820W,42.769810499999998,-71.472288399999996,,,,,48,157,Nashua North,08/27/1980,
868915,Opechee Park,Park,NH,33,Belknap,1,433211N,0712826W,43.536465499999998,-71.473962200000003,,,,,154,505,Laconia,08/27/1980,
869212,Pinnacle Park,Park,NH,33,Belknap,1,433620N,0713724W,43.605630200000000,-71.623410000000007,,,,,367,1204,Winnisquam Lake,08/27/1980,
869349,Precourt Park,Park,NH,33,Hillsborough,11,425738N,0712650W,42.960640400000003,-71.447288799999995,,,,,75,246,Manchester South,08/27/1980,
869381,Prout Park,Park,NH,33,Hillsborough,11,425844N,0712625W,42.978973400000001,-71.440344199999998,,,,,95,312,Manchester South,08/27/1980,
869423,Raco-Theodore Park,Park,NH,33,Hillsborough,11,425857N,0712902W,42.982584199999998,-71.483956300000003,,,,,45,148,Manchester South,08/27/1980,
869563,Rock Rimmon Park,Park,NH,33,Hillsborough,11,425958N,0712911W,42.999528300000001,-71.486456399999994,,,,,103,338,Manchester South,08/27/1980,
869566,Rockingham Park,Park,NH,33,Rockingham,15,424616N,0711336W,42.771200499999999,-71.226726999999997,,,,,38,125,Salem Depot,08/27/1980,
869587,Rolfe Park,Park,NH,33,Merrimack,13,431641N,0713534W,43.278134999999999,-71.592851699999997,,,,,112,367,Penacook,08/27/1980,
869592,Rollins Park,Park,NH,33,Merrimack,13,431110N,0713215W,43.186192400000003,-71.537571499999999,,,,,85,279,Concord,08/27/1980,
869660,Rye Harbor State Park,Park,NH,33,Rockingham,15,430020N,0704517W,43.005645399999999,-70.754774100000006,,,,,2,7,Portsmouth,08/27/1980,
869675,Sagamore Park,Park,NH,33,Hillsborough,11,424332N,0712611W,42.725644899999999,-71.436453700000001,,,,,34,112,Nashua South,08/27/1980,
869679,Saint Antoine Playground,Park,NH,33,Hillsborough,11,425804N,0712641W,42.967862500000003,-71.444788799999998,,,,,98,322,Manchester South,08/27/1980,
869757,Samuel Blodget Park,Park,NH,33,Hillsborough,11,430035N,0712845W,43.009805999999998,-71.479234199999993,,,,,63,207,Manchester North,08/27/1980,
869826,Scribner Fellows State Forest,Park,NH,33,Belknap,1,434103N,0713807W,43.684240199999998,-71.635354800000002,,,,,210,689,Ashland,08/27/1980,
869929,Silver Lake State Park,Park,NH,33,Hillsborough,11,424545N,0713536W,42.762587900000000,-71.593402800000007,,,,,82,269,South Merrimack,08/27/1980,
869946,Sky Pond State Forest,Park,NH,33,Belknap,1,434003N,0713437W,43.667574100000003,-71.577020300000001,,,,,336,1102,Holderness,08/27/1980,
870145,Stark Park,Park,NH,33,Hillsborough,11,430053N,0712815W,43.014806000000000,-71.470900799999995,,,,,76,249,Manchester North,08/27/1980,
870148,Stark Pond Recreation Area,Park,NH,33,Merrimack,13,430734N,0713851W,43.126192300000000,-71.647573899999998,,,,,117,384,Hopkinton,08/27/1980,
870172,Stevens Pond Park,Park,NH,33,Hillsborough,11,425944N,0712531W,42.995639799999999,-71.425343999999996,,,,,99,325,Manchester South,08/27/1980,
870244,Stumpfield-Mudgett Recreation Area,Park,NH,33,Merrimack,13,431002N,0714235W,43.167302200000002,-71.709798199999994,,,,,122,400,Hopkinton,08/27/1980,
870262,Sugar Hill State Forest,Park,NH,33,Grafton,9,433555N,0714409W,43.598685000000003,-71.735912299999995,,,,,255,837,Bristol,08/27/1980,
870456,Toll Gate State Park,Park,NH,33,Merrimack,13,432056N,0715059W,43.348965200000002,-71.849802699999998,,,,,358,1175,Warner,08/27/1980,
870513,Tucke Monument,Park,NH,33,Rockingham,15,425832N,0703651W,42.975647199999997,-70.614215700000003,,,,,3,10,Isles of Shoals,08/27/1980,
870630,Wadleigh State Park,Park,NH,33,Merrimack,13,432126N,0715643W,43.357297899999999,-71.945360300000004,,,,,279,915,Bradford,08/27/1980,
870633,Wagner Park,Park,NH,33,Hillsborough,11,425955N,0712718W,42.998695099999999,-71.455067000000000,,,,,85,279,Manchester South,08/27/1980,
870723,Wellington State Park,Park,NH,33,Grafton,9,433837N,0714636W,43.643684299999997,-71.776746500000002,,,,,181,594,Newfound Lake,08/27/1980,
870734,Wentworth State Park,Park,NH,33,Carroll,3,433647N,0710852W,43.613133599999998,-71.147845099999998,,,,,163,535,Wolfeboro,08/27/1980,
870844,White Lake State Park,Park,NH,33,Carroll,3,435027N,0711320W,43.840907399999999,-71.222292300000007,,,,,134,440,Ossipee Lake,08/27/1980,
870847,White Park,Park,NH,33,Merrimack,13,431223N,0713254W,43.206469800000001,-71.548405399999993,,,,,110,361,Concord,08/27/1980,
870974,Wolfs Park,Park,NH,33,Hillsborough,11,425823N,0712847W,42.973140000000001,-71.479789600000004,,,,,45,148,Manchester South,08/27/1980,
870987,Woodman Park,Park,NH,33,Strafford,17,431111N,0705259W,43.186473599999999,-70.883114199999994,,,,,32,105,Dover West,08/27/1980,
871011,Wyatt Park,Park,NH,33,Belknap,1,433116N,0712800W,43.521188000000002,-71.466739799999999,,,,,154,505,Laconia,08/27/1980,
871023,Youngsville Park,Park,NH,33,Hillsborough,11,430001N,0712359W,43.000362099999997,-71.399788000000001,,,,,83,272,Manchester North,08/27/1980,
871029,Wapack National Wildlife Refuge,Park,NH,33,Hillsborough,11,425315N,0715158W,42.887532299999997,-71.866028700000001,,,,,662,2172,Greenfield,08/27/2002,05/20/2017
871043,Milan Hill State Park,Park,NH,33,Coos,7,443420N,0711323W,44.572277100000001,-71.223133799999999,,,,,527,1729,Milan,12/01/1988,
871049,Coleman State Park,Park,NH,33,Coos,7,445617N,0711928W,44.938102800000003,-71.324523999999997,,,,,722,2369,Diamond Pond,02/01/1990,
871063,Lake Francis State Park,Park,NH,33,Coos,7,450340N,0711805W,45.061157299999998,-71.301466199999993,,,,,437,1434,Lake Francis,02/01/1990,
871287,Pawtuckaway State Reservation,Park,NH,33,Rockingham,15,430647N,0711055W,43.113139199999999,-71.182007200000001,,,,,168,551,Mount Pawtuckaway,08/27/1980,
871324,Mount Sunapee State Park,Park,NH,33,Merrimack,13,431916N,0720344W,43.321186599999997,-72.062306899999996,,,,,586,1923,Sunapee Lake South,08/27/1980,
871329,Pillsbury State Park,Park,NH,33,Sullivan,19,431351N,0720559W,43.230909900000000,-72.099806799999996,,,,,529,1736,Washington,08/27/1980,
871353,Wentworth Coolidge State Historical Site,Park,NH,33,Rockingham,15,430343N,0704432W,43.062033300000003,-70.742274800000004,,,,,17,56,Kittery,07/01/1992,
871354,Fort Stark State Historical Site,Park,NH,33,Rockingham,15,430327N,0704248W,43.057589299999997,-70.713385400000007,,,,,2,7,Kittery,07/01/1992,
871474,Beaver Brook Recreation Area,Park,NH,33,Grafton,9,441448N,0713651W,44.246730300000003,-71.614249799999996,,,,,439,1440,South Twin Mountain,08/27/1980,
871561,Bowditch-Runnells State Forest,Park,NH,33,Carroll,3,435456N,0711403W,43.915628099999999,-71.234237399999998,,,,,215,705,Silver Lake,08/27/1980,
871723,Conway State Forest,Park,NH,33,Carroll,3,440408N,0710338W,44.068957900000001,-71.060625799999997,,,,,415,1362,North Conway East,08/27/1980,
871877,Fay Wayside,Park,NH,33,Grafton,9,440230N,0714110W,44.041733600000001,-71.686192300000002,,,,,235,771,Lincoln,08/27/1980,
872281,Merriman State Forest,Park,NH,33,Carroll,3,440536N,0710710W,44.093401999999998,-71.119515600000000,,,,,560,1837,North Conway East,08/27/1980,
872597,Russell Pond Recreation Area,Park,NH,33,Grafton,9,440043N,0713902W,44.012011999999999,-71.650635300000005,,,,,511,1676,Lincoln,08/27/1980,
873004,Greeley Ponds Scenic Area,Park,NH,33,Grafton,9,440033N,0713011W,44.009234999999997,-71.503132100000002,,,,,716,2349,Mount Osceola,02/01/1991,
873018,Pinkham Notch Scenic Area,Park,NH,33,Coos,7,441551N,0711625W,44.264232300000003,-71.273685599999993,,,,,966,3169,Mount Washington,02/01/1991,
873058,Moose Brook State Park,Park,NH,33,Coos,7,442428N,0711350W,44.407838300000002,-71.230631599999995,,,,,326,1070,Berlin,02/01/1991,
873063,Rocky Gorge Scenic Area,Park,NH,33,Carroll,3,440018N,0711642W,44.005070300000000,-71.278405500000005,,,,,332,1089,Bartlett,02/01/1991,
873064,Bartlett Experimental Forest,Park,NH,33,Carroll,3,440320N,0711750W,44.055624899999998,-71.297295199999994,,,,,310,1017,Bartlett,02/01/1991,
873132,Mount Chocorua Scenic Area,Park,NH,33,Carroll,3,435707N,0711617W,43.952015899999999,-71.271460500000003,,,,,916,3005,Mount Chocorua,02/01/1991,
873136,The Bowl Natural Area,Park,NH,33,Grafton,9,435620N,0712355W,43.938959500000003,-71.398685099999994,,,,,838,2749,Mount Tripyramid,02/01/1991,
873270,Saint Gaudens National Historic Site,Park,NH,33,Sullivan,19,432953N,0722243W,43.498126999999997,-72.378702200000006,,,,,111,364,Windsor,08/27/2002,
873284,Hilton State Park (historical),Park,NH,33,Strafford,17,430715N,0704945W,43.120920099999999,-70.829222500000000,,,,,7,23,Portsmouth,08/27/1980,
873289,Franconia Notch State Park,Park,NH,33,Grafton,9,440858N,0714112W,44.149509299999998,-71.686750099999998,,,,,630,2067,Franconia,08/27/1980,
1888960,Saint-Gaudens National Historic Site,Park,NH,33,Sullivan,19,432957N,0722228W,43.499172899999998,-72.374536899999995,,,,,103,338,Claremont North,11/06/2000,05/23/2017
1914014,Albacore Park,Park,NH,33,Rockingham,15,430500N,0704548W,43.083421600000001,-70.763386800000006,,,,,1,3,Portsmouth,05/08/2001,
1914025,Clough Field,Park,NH,33,Rockingham,15,430403N,0704520W,43.067588700000002,-70.755608499999994,,,,,7,23,Portsmouth,05/08/2001,
1914031,Elwyn Park,Park,NH,33,Rockingham,15,430211N,0704613W,43.036478000000002,-70.770330599999994,,,,,11,36,Portsmouth,05/08/2001,
1914048,Haven Park,Park,NH,33,Rockingham,15,430425N,0704517W,43.073699699999999,-70.754775300000006,,,,,5,16,Portsmouth,05/08/2001,
1914049,Haymarket Square,Park,NH,33,Rockingham,15,430425N,0704538W,43.073699599999998,-70.760608700000006,,,,,5,16,Portsmouth,05/08/2001,
1914051,Hislop Park,Park,NH,33,Rockingham,15,430531N,0704611W,43.092032500000002,-70.769775999999993,,,,,15,49,Portsmouth,05/08/2001,
1914074,Leary Field,Park,NH,33,Rockingham,15,430416N,0704531W,43.071199700000001,-70.758664199999998,,,,,2,7,Portsmouth,05/08/2001,
1914075,Liberty Gardens,Park,NH,33,Rockingham,15,430434N,0704514W,43.076199699999997,-70.753941900000001,,,,,3,10,Portsmouth,05/08/2001,
1914079,Market Square,Park,NH,33,Rockingham,15,430437N,0704528W,43.077032899999999,-70.757830900000002,,,,,9,30,Portsmouth,05/08/2001,
1914091,Newington Center Historic District,Park,NH,33,Rockingham,15,430558N,0704958W,43.099531499999998,-70.832833399999998,,,,,28,92,Portsmouth,05/08/2001,
1914097,Newington Town Conservation Area,Park,NH,33,Rockingham,15,430552N,0705044W,43.097864800000004,-70.845611500000004,,,,,17,56,Portsmouth,05/08/2001,
1914101,Newington Town Park,Park,NH,33,Rockingham,15,430646N,0705018W,43.112864600000002,-70.838389399999997,,,,,11,36,Portsmouth,05/08/2001,
1914110,Parade Mall,Park,NH,33,Rockingham,15,430430N,0704537W,43.075088500000000,-70.760330900000000,,,,,8,26,Portsmouth,05/08/2001,
1914128,Portsmouth Plains,Park,NH,33,Rockingham,15,430327N,0704704W,43.057588500000001,-70.784497999999999,,,,,18,59,Portsmouth,05/08/2001,
1914132,Prescott Park,Park,NH,33,Rockingham,15,430438N,0704507W,43.077310799999999,-70.751997500000002,,,,,3,10,Portsmouth,05/08/2001,
1914137,Alexander-Carr Playground,Park,NH,33,Rockingham,15,425240N,0711858W,42.877864799999998,-71.316174300000000,,,,,80,262,Derry,05/08/2001,
1914162,Burrows-Brookside Sanctuary,Park,NH,33,Rockingham,15,425339N,0705637W,42.894256200000001,-70.943666699999994,,,,,31,102,Exeter,05/08/2001,
1914173,Canobie Lake Park,Park,NH,33,Rockingham,15,424745N,0711503W,42.795922099999999,-71.250894400000007,,,,,70,230,Windham,05/08/2001,
1914217,East Derry Historic District,Park,NH,33,Rockingham,15,425355N,0711734W,42.898697800000001,-71.292840499999997,,,,,116,381,Derry,05/08/2001,
1914248,Exeter Waterfront Commercial Historic District,Park,NH,33,Rockingham,15,425853N,0705644W,42.981477099999999,-70.945612100000005,,,,,8,26,Exeter,05/08/2001,
1914267,Founders Park,Park,NH,33,Rockingham,15,Unknown,Unknown,0.000000000000000,0.000000000000000,,,,,,,Unknown,05/08/2001,
1914271,Front Street Historic District,Park,NH,33,Rockingham,15,425851N,0705646W,42.980921500000001,-70.946167700000004,,,,,11,36,Exeter,05/08/2001,
1914272,Fuller Gardens,Park,NH,33,Rockingham,15,425740N,0704635W,42.961201299999999,-70.776440800000003,,,,,9,30,Hampton,05/08/2001,
1914276,Gilman Park,Park,NH,33,Rockingham,15,425824N,0705636W,42.973421600000002,-70.943389699999997,,,,,8,26,Exeter,05/08/2001,
1914305,Hampton Salt Marsh Conservation Area,Park,NH,33,Rockingham,15,425523N,0704835W,42.923146000000003,-70.809774599999997,,,,,1,3,Hampton,05/08/2001,
1914315,Highland Road Historic District,Park,NH,33,Rockingham,15,425354N,0705622W,42.898422799999999,-70.939499900000001,,,,,49,161,Exeter,05/08/2001,
1914319,Hood Park,Park,NH,33,Rockingham,15,425303N,0711951W,42.884253500000000,-71.330896800000005,,,,,85,279,Derry,05/08/2001,
1914335,Jewell Town District,Park,NH,33,Rockingham,15,425246N,0705744W,42.879534000000000,-70.962278100000006,,,,,54,177,Exeter,05/08/2001,
1914348,Lamontagne Wildlife Management Area,Park,NH,33,Rockingham,15,430950N,0710941W,43.163971699999998,-71.161451999999997,,,,,99,325,Northwood,05/08/2001,
1914373,MacGregor Park,Park,NH,33,Rockingham,15,425302N,0711920W,42.883975700000001,-71.322285500000007,,,,,81,266,Derry,05/08/2001,
1914385,Moonscape Playground,Park,NH,33,Rockingham,15,425302N,0711748W,42.883975800000002,-71.296729400000004,,,,,107,351,Derry,05/08/2001,
1914389,Musquash Conservation Area,Park,NH,33,Rockingham,15,425233N,0712438W,42.875919900000000,-71.410620800000004,,,,,82,269,Manchester South,05/08/2001,
1914409,Newmarket Industrial and Commercial Historic District,Park,NH,33,Rockingham,15,430451N,0705606W,43.080919600000001,-70.935058100000006,,,,,11,36,Newmarket,05/08/2001,
1914426,North Hampton State Park,Park,NH,33,Rockingham,15,425713N,0704701W,42.953701299999999,-70.783663200000007,,,,,2,7,Hampton,05/08/2001,
1914446,Odiorne Point State Park,Park,NH,33,Rockingham,15,430220N,0704328W,43.038978399999998,-70.724496299999998,,,,,3,10,Kittery,05/08/2001,
1914458,Phillips Exeter Academy Stadium,Park,NH,33,Rockingham,15,425833N,0705625W,42.975921600000000,-70.940334100000001,,,,,9,30,Exeter,05/08/2001,
1914459,Phillips Park,Park,NH,33,Rockingham,15,425520N,0705225W,42.922311999999998,-70.873665099999997,,,,,17,56,Hampton,05/08/2001,
1914472,Richard Sargent Management Area,Park,NH,33,Rockingham,15,425332N,0710228W,42.892310899999998,-71.041168900000002,,,,,36,118,Kingston,05/08/2001,
1914473,Richard Sargent Management Area,Park,NH,33,Rockingham,15,425325N,0710043W,42.890366800000002,-71.012001600000005,,,,,36,118,Kingston,05/08/2001,
1914527,Seabrook Park,Park,NH,33,Rockingham,15,425333N,0705350W,42.892589999999998,-70.897276500000004,,,,,19,62,Exeter,05/08/2001,
1914540,Smiths Corner Historic District,Park,NH,33,Rockingham,15,425336N,0705918W,42.893422399999999,-70.988389999999995,,,,,44,144,Exeter,05/08/2001,
1914552,South Hampton Town Green,Park,NH,33,Rockingham,15,425251N,0705747W,42.880922900000002,-70.963111400000003,,,,,61,200,Exeter,05/08/2001,
1914559,South Playground,Park,NH,33,Rockingham,15,430416N,0704529W,43.071199700000001,-70.758108600000000,,,,,2,7,Portsmouth,05/08/2001,
1914570,Star Speedway,Park,NH,33,Rockingham,15,430145N,0710227W,43.029252999999997,-71.040892700000001,,,,,37,121,Epping,05/08/2001,
1914582,Strwaberry Banke Historic District,Park,NH,33,Rockingham,15,430431N,0704519W,43.075366400000000,-70.755330799999996,,,,,3,10,Portsmouth,05/08/2001,
1914598,The Woodlands,Park,NH,33,Rockingham,15,430156N,0704616W,43.032311399999998,-70.771163900000005,,,,,12,39,Portsmouth,05/08/2001,
1914605,Town Center Historic District,Park,NH,33,Rockingham,15,425253N,0705745W,42.881478500000000,-70.962555899999998,,,,,63,207,Exeter,05/08/2001,
1914611,Tuck Monument,Park,NH,33,Rockingham,15,Unknown,Unknown,0.000000000000000,0.000000000000000,,,,,,,Unknown,05/08/2001,
1914626,Wallis Sands State Park,Park,NH,33,Rockingham,15,430125N,0704351W,43.023700800000000,-70.730885099999995,,,,,0,0,Kittery,05/08/2001,
1914628,Webster Natural Area,Park,NH,33,Rockingham,15,425430N,0710248W,42.908421699999998,-71.046724699999999,,,,,35,115,Kingston,05/08/2001,
1914679,Adams Point State Wildlife Refuge,Park,NH,33,Strafford,17,430535N,0705206W,43.093142399999998,-70.868389800000003,,,,,13,43,Portsmouth,05/08/2001,
1914690,Bellamy Preserve,Park,NH,33,Strafford,17,430816N,0705101W,43.137864000000000,-70.850334599999996,,,,,3,10,Dover East,05/08/2001,
1914691,Bellamy River Access Wildlife Preserve,Park,NH,33,Strafford,17,430757N,0705034W,43.132586400000001,-70.842834199999999,,,,,3,10,Dover East,05/08/2001,
1914718,Cochecho River Walk and Canoe Launch,Park,NH,33,Strafford,17,431136N,0705218W,43.193418000000001,-70.871725100000006,,,,,3,10,Dover East,05/08/2001,
1914739,Durham Historic District,Park,NH,33,Strafford,17,430759N,0705513W,43.133140900000001,-70.920336500000005,,,,,13,43,Dover West,05/08/2001,
1914758,Fish Ladder Park,Park,NH,33,Strafford,17,431145N,0705225W,43.195917999999999,-70.873669699999994,,,,,13,43,Dover East,05/08/2001,
1914759,Forest Glade Park,Park,NH,33,Strafford,17,431508N,0705247W,43.252305600000000,-70.879782100000000,,,,,65,213,Rochester,05/08/2001,
1914766,Garrison Hill Park,Park,NH,33,Strafford,17,431237N,0705213W,43.210362199999999,-70.870336499999993,,,,,85,279,Dover East,05/08/2001,
1914780,Guppey Park,Park,NH,33,Strafford,17,431214N,0705150W,43.203973499999996,-70.863947300000007,,,,,31,102,Dover East,05/08/2001,
1914784,Hanson Park,Park,NH,33,Strafford,17,431850N,0705843W,43.313970500000003,-70.978674299999994,,,,,71,233,Rochester,05/08/2001,
1914789,Henry Law Park,Park,NH,33,Strafford,17,431140N,0705215W,43.194529099999997,-70.870891799999995,,,,,3,10,Dover East,05/08/2001,
1914793,Hilltop Fun Center,Park,NH,33,Strafford,17,431409N,0705350W,43.235916799999998,-70.897282300000001,,,,,64,210,Dover West,05/08/2001,
1914800,Immigrant Park,Park,NH,33,Strafford,17,431154N,0705223W,43.198417900000003,-70.873114200000003,,,,,22,72,Dover East,05/08/2001,
1914814,Jules Bisson Park,Park,NH,33,Strafford,17,431513N,0705128W,43.253694899999999,-70.857836899999995,,,,,46,151,Somersworth,05/08/2001,
1914826,Long Hill Memorial Park,Park,NH,33,Strafford,17,431351N,0705401W,43.230916899999997,-70.900337800000003,,,,,62,203,Dover West,05/08/2001,
1914829,Maglaras Park,Park,NH,33,Strafford,17,431143N,0705148W,43.195362600000003,-70.863391600000000,,,,,13,43,Dover East,05/08/2001,
1914841,Merrymeeting State Wildlife Management Area,Park,NH,33,Strafford,17,432545N,0711108W,43.429246599999999,-71.185621999999995,,,,,164,538,Alton,05/08/2001,
1914855,New England Center,Park,NH,33,Strafford,17,430824N,0705555W,43.140084999999999,-70.932003600000002,,,,,21,69,Dover West,05/08/2001,
1914860,Noble Pines Park,Park,NH,33,Strafford,17,431537N,0705213W,43.260361300000000,-70.870337300000003,,,,,85,279,Somersworth,05/08/2001,
1914883,Rochester Commons,Park,NH,33,Strafford,17,431753N,0705813W,43.298137400000002,-70.970340600000000,,,,,67,220,Rochester,05/08/2001,
1914889,Roger Allen Park,Park,NH,33,Strafford,17,431954N,0705935W,43.331747999999997,-70.993119300000004,,,,,72,236,Rochester,05/08/2001,
1914904,Salmon Falls Mill Historic District,Park,NH,33,Strafford,17,431413N,0704903W,43.237029100000001,-70.817557699999995,,,,,14,46,Dover East,05/08/2001,
1914947,Tuttle Square,Park,NH,33,Strafford,17,431131N,0705230W,43.192029099999999,-70.875058600000003,,,,,18,59,Dover West,05/08/2001,
1914959,Woodman School Park,Park,NH,33,Strafford,17,431115N,0705307W,43.187584700000002,-70.885336499999994,,,,,32,105,Dover West,05/08/2001,
1915001,Bond Park,Park,NH,33,Belknap,1,433319N,0712826W,43.555354199999996,-71.473962299999997,,,,,177,581,Laconia,05/08/2001,
1915015,Centre Harbor Village Historic District,Park,NH,33,Belknap,1,434233N,0712746W,43.709241100000000,-71.462851400000005,,,,,169,554,Center Harbor,05/08/2001,
1915024,Ellacoya State Park,Park,NH,33,Belknap,1,433410N,0712117W,43.569521700000003,-71.354793099999995,,,,,203,666,West Alton,05/08/2001,
1915025,Ellacoya State Recreational Vehicle Park,Park,NH,33,Belknap,1,433431N,0712119W,43.575355000000002,-71.355348599999999,,,,,154,505,West Alton,05/08/2001,
1915028,Endicott Rock Park,Park,NH,33,Belknap,1,433615N,0712722W,43.604242599999999,-71.456184300000004,,,,,156,512,Laconia,05/08/2001,
1915099,Leavitt Park Playground,Park,NH,33,Belknap,1,433312N,0712808W,43.553409799999997,-71.468962099999999,,,,,170,558,Laconia,05/08/2001,
1915107,Memorial Park,Park,NH,33,Belknap,1,433108N,0712830W,43.518965799999997,-71.475073399999999,,,,,150,492,Laconia,05/08/2001,
1915117,Mill Plaza,Park,NH,33,Belknap,1,433135N,0712808W,43.526465700000003,-71.468962099999999,,,,,149,489,Laconia,05/08/2001,
1915118,Monument Square Historic District,Park,NH,33,Belknap,1,432719N,0711314W,43.455357300000003,-71.220622599999999,,,,,172,564,Alton,05/08/2001,
1915119,Mount Major State Park,Park,NH,33,Belknap,1,433045N,0711718W,43.512578599999998,-71.288402300000001,,,,,538,1765,West Alton,05/08/2001,
1915133,Opechee Park,Park,NH,33,Belknap,1,433209N,0712824W,43.535910000000001,-71.473406699999998,,,,,156,512,Laconia,05/08/2001,
1915142,Proctor Preserve,Park,NH,33,Belknap,1,434313N,0712924W,43.720351700000002,-71.490074300000003,,,,,199,653,Center Harbor,05/08/2001,
1915161,Sanbornton Square Historic District,Park,NH,33,Belknap,1,432940N,0713503W,43.494520700000002,-71.584242200000006,,,,,275,902,Northfield,05/08/2001,
1915179,Tilton Downtown Historic District,Park,NH,33,Belknap,1,432634N,0713520W,43.442854900000000,-71.588964099999998,,,,,140,459,Northfield,05/08/2001,
1915202,Wyatt Park,Park,NH,33,Belknap,1,433119N,0712801W,43.522021299999999,-71.467017600000005,,,,,153,502,Laconia,05/08/2001,
1915224,Amoskeag River Walk,Park,NH,33,Hillsborough,11,425944N,0712807W,42.995639599999997,-71.468678299999993,,,,,39,128,Manchester South,05/08/2001,
1915230,Arms Park,Park,NH,33,Hillsborough,11,425933N,0712806W,42.992584100000002,-71.468400500000001,,,,,44,144,Manchester South,05/08/2001,
1915236,Basquil-Sheehan Park,Park,NH,33,Hillsborough,11,425904N,0712709W,42.984528699999998,-71.452566800000000,,,,,70,230,Manchester South,05/08/2001,
1915238,Amherst Village Historic District,Park,NH,33,Hillsborough,11,425141N,0713901W,42.861474700000002,-71.650349399999996,,,,,107,351,Milford,05/08/2001,
1915261,Black Brook Park,Park,NH,33,Hillsborough,11,430047N,0712916W,43.013139299999999,-71.487845500000006,,,,,74,243,Manchester North,05/08/2001,
1915267,Bronstein Park,Park,NH,33,Hillsborough,11,425927N,0712722W,42.990917500000002,-71.456177999999994,,,,,73,239,Manchester South,05/08/2001,
1915275,Brown-Mitchell Park,Park,NH,33,Hillsborough,11,425753N,0712747W,42.964806799999998,-71.463122499999997,,,,,83,272,Manchester South,05/08/2001,
1915279,Carpenter Marsh State Wildlife Management Area,Park,NH,33,Hillsborough,11,425955N,0720018W,42.998692100000000,-72.005081300000001,,,,,325,1066,Dublin,05/08/2001,
1915280,Casalis Marsh Wildlife Area,Park,NH,33,Hillsborough,11,425111N,0715458W,42.853139800000001,-71.916189500000002,,,,,382,1253,Peterborough South,05/08/2001,
1915316,DePierrefeu-Willard Pond Sanctuary,Park,NH,33,Hillsborough,11,430117N,0720055W,43.021469400000001,-72.015359300000000,,,,,353,1158,Stoddard,05/08/2001,
1915319,Deering Reserve,Park,NH,33,Hillsborough,11,430605N,0715108W,43.101469100000003,-71.852300999999997,,,,,330,1083,Deering,05/08/2001,
1915321,Deschenes Oval,Park,NH,33,Hillsborough,11,424553N,0712802W,42.764810699999998,-71.467288199999999,,,,,45,148,Nashua North,05/08/2001,
1915332,Endicott Park,Park,NH,33,Hillsborough,11,425014N,0713908W,42.837308399999998,-71.652293900000004,,,,,73,239,Milford,05/08/2001,
1915333,Enright Park,Park,NH,33,Hillsborough,11,425923N,0712703W,42.989806399999999,-71.450900099999998,,,,,79,259,Manchester South,05/08/2001,
1915336,Evas Marsh State Wildlife Management Area,Park,NH,33,Hillsborough,11,425955N,0715843W,42.998692300000002,-71.978691799999993,,,,,282,925,Peterborough North,05/08/2001,
1915341,Farrar Marsh State Wildlife Management Area,Park,NH,33,Hillsborough,11,431100N,0715428W,43.183411700000001,-71.907858399999995,,,,,273,896,Hillsboro Upper Village,05/08/2001,
1915347,Fields Grove,Park,NH,33,Hillsborough,11,424451N,0712746W,42.747588800000003,-71.462843500000005,,,,,45,148,Nashua South,05/08/2001,
1915372,Fun World,Park,NH,33,Hillsborough,11,424256N,0712631W,42.715645000000002,-71.442009400000003,,,,,36,118,Nashua South,05/08/2001,
1915381,Gill Stadium,Park,NH,33,Hillsborough,11,425855N,0712714W,42.982028800000002,-71.453955600000000,,,,,71,233,Manchester South,05/08/2001,
1915383,Goffs Falls Park,Park,NH,33,Hillsborough,11,425605N,0712716W,42.934807499999998,-71.454510999999997,,,,,33,108,Manchester South,05/08/2001,
1915415,Greenfield State Park,Park,NH,33,Hillsborough,11,425730N,0715313W,42.958415799999997,-71.887022799999997,,,,,269,883,Peterborough North,05/08/2001,
1915469,Holman Stadium,Park,NH,33,Hillsborough,11,424607N,0712824W,42.768699499999997,-71.473399499999999,,,,,48,157,Nashua North,05/08/2001,
1915503,JFK Memorial Coliseum,Park,NH,33,Hillsborough,11,425859N,0712716W,42.983139899999998,-71.454511299999993,,,,,70,230,Manchester South,05/08/2001,
1915510,Kalivas Park,Park,NH,33,Hillsborough,11,425803N,0712723W,42.967584600000002,-71.456455599999998,,,,,73,239,Manchester South,05/08/2001,
1915511,Kids Kove,Park,NH,33,Hillsborough,11,425203N,0712928W,42.867586400000000,-71.491178199999993,,,,,43,141,Nashua North,05/08/2001,
1915515,Labine Park,Park,NH,33,Hillsborough,11,424436N,0712840W,42.743422099999997,-71.477843800000002,,,,,52,171,Nashua South,05/08/2001,
1915516,Lafayette Park,Park,NH,33,Hillsborough,11,425933N,0712831W,42.992584100000002,-71.475345099999998,,,,,67,220,Manchester South,05/08/2001,
1915518,Lake Park,Park,NH,33,Hillsborough,11,425957N,0712403W,42.999251000000001,-71.400899100000004,,,,,85,279,Manchester South,05/08/2001,
1915528,Litchfield Town Park,Park,NH,33,Hillsborough,11,425020N,0712847W,42.838975900000001,-71.479788900000003,,,,,38,125,Nashua North,05/08/2001,
1915534,Lyndeborough Center Historic District,Park,NH,33,Hillsborough,11,425422N,0714558W,42.906195400000001,-71.766186500000003,,,,,265,869,Greenfield,05/08/2001,
1915536,Lyons Field,Park,NH,33,Hillsborough,11,424509N,0712617W,42.752588799999998,-71.438120799999993,,,,,38,125,Nashua North,05/08/2001,
1915553,Martineau Park,Park,NH,33,Hillsborough,11,425910N,0712822W,42.986195299999999,-71.472845000000007,,,,,47,154,Manchester South,05/08/2001,
1915565,Medford Park,Park,NH,33,Hillsborough,11,425835N,0712501W,42.976473499999997,-71.417010399999995,,,,,113,371,Manchester South,05/08/2001,
1915566,Meeting House Park (historical),Park,NH,33,Hillsborough,11,Unknown,Unknown,0.000000000000000,0.000000000000000,,,,,,,Unknown,05/08/2001,
1915587,Mine Falls Park,Park,NH,33,Hillsborough,11,424455N,0713021W,42.748699700000003,-71.505900199999999,,,,,49,161,Pepperell,05/08/2001,
1915600,Nashua Manufacturing Company Historic District,Park,NH,33,Hillsborough,11,424538N,0712822W,42.760644100000000,-71.472843800000007,,,,,39,128,Nashua North,05/08/2001,
1915603,Nashua National Fish Hatchery,Park,NH,33,Hillsborough,11,424605N,0712954W,42.767939400000003,-71.498372399999994,,,,,41,135,Nashua North,05/08/2001,05/20/2017
1915609,Nashville Historic District,Park,NH,33,Hillsborough,11,424559N,0712804W,42.766477299999998,-71.467843799999997,,,,,51,167,Nashua North,05/08/2001,
1915634,Oak Park,Park,NH,33,Hillsborough,11,425937N,0712731W,42.993695199999998,-71.458678100000000,,,,,74,243,Manchester South,05/08/2001,
1915658,Perkins Pond State Wildlife Management Area,Park,NH,33,Hillsborough,11,430315N,0714513W,43.054248399999999,-71.753687299999996,,,,,199,653,Deering,05/08/2001,
1915669,Pine Island Park,Park,NH,33,Hillsborough,11,425606N,0712704W,42.935085299999997,-71.451177599999994,,,,,53,174,Manchester South,05/08/2001,
1915670,Piscataquog River Park,Park,NH,33,Hillsborough,11,425927N,0712926W,42.990917300000000,-71.490623200000002,,,,,49,161,Manchester South,05/08/2001,
1915672,Ponemah Bog Wildlife Refuge,Park,NH,33,Hillsborough,11,424956N,0713517W,42.832308800000000,-71.588125199999993,,,,,94,308,South Merrimack,05/08/2001,
1915676,Proctor Park,Park,NH,33,Hillsborough,11,424357N,0712721W,42.732589099999998,-71.455898800000000,,,,,69,226,Nashua South,05/08/2001,
1915677,Pulaski Park,Park,NH,33,Hillsborough,11,425941N,0712733W,42.994806300000000,-71.459233600000005,,,,,74,243,Manchester South,05/08/2001,
1915686,Roby Park,Park,NH,33,Hillsborough,11,424218N,0712738W,42.705089500000000,-71.460620800000001,,,,,80,262,Nashua South,05/08/2001,
1915689,Russell Memorial Field,Park,NH,33,Hillsborough,11,424521N,0712643W,42.755921999999998,-71.445343199999996,,,,,45,148,Nashua North,05/08/2001,
1915748,Shirley Park,Park,NH,33,Hillsborough,11,430058N,0713458W,43.016194300000002,-71.582848400000003,,,,,89,292,Goffstown,05/08/2001,
1915751,Simpson Park,Park,NH,33,Hillsborough,11,425937N,0712832W,42.993695099999997,-71.475622900000005,,,,,71,233,Manchester South,05/08/2001,
1915769,Stanton Park,Park,NH,33,Hillsborough,11,425903N,0712730W,42.984251000000000,-71.458400200000000,,,,,66,217,Manchester South,05/08/2001,
1915774,Stevens Park,Park,NH,33,Hillsborough,11,425908N,0712604W,42.985639999999997,-71.434510799999998,,,,,103,338,Manchester South,05/08/2001,
1915777,Sweeney Park,Park,NH,33,Hillsborough,11,425856N,0712826W,42.982306500000000,-71.473956099999995,,,,,48,157,Manchester South,05/08/2001,
1915789,The Common,Park,NH,33,Hillsborough,11,425246N,0715653W,42.879527899999999,-71.948134800000005,,,,,217,712,Peterborough North,05/08/2001,
1915808,Union Square,Park,NH,33,Hillsborough,11,425008N,0713858W,42.835641799999998,-71.649516000000006,,,,,79,259,Milford,05/08/2001,
1915819,Veterans Memorial Park,Park,NH,33,Hillsborough,11,425919N,0712745W,42.988695300000003,-71.462567100000001,,,,,63,207,Manchester South,05/08/2001,
1915820,Veterans Memorial Park,Park,NH,33,Hillsborough,11,424852N,0713150W,42.814531600000002,-71.530623500000004,,,,,64,210,South Merrimack,05/08/2001,
1915822,Victory Park,Park,NH,33,Hillsborough,11,425932N,0712736W,42.992306300000003,-71.460066999999995,,,,,70,230,Manchester South,05/08/2001,
1915827,Wasseman Park,Park,NH,33,Hillsborough,11,424920N,0713141W,42.822309300000001,-71.528123399999998,,,,,78,256,South Merrimack,05/08/2001,
1915858,Youngsville Park,Park,NH,33,Hillsborough,11,425954N,0712413W,42.998417600000003,-71.403676899999994,,,,,99,325,Manchester South,05/08/2001,
1915902,Cate Park,Park,NH,33,Carroll,3,433500N,0711236W,43.583411499999997,-71.210068100000001,,,,,162,531,Wolfeboro,05/08/2001,
1915908,Center Sandwich Historic District,Park,NH,33,Carroll,3,434826N,0712623W,43.807295099999997,-71.439796000000001,,,,,202,663,Center Sandwich,05/08/2001,
1915928,Copps Pond Wildlife Management Area,Park,NH,33,Carroll,3,434045N,0711716W,43.679243200000002,-71.287847799999994,,,,,172,564,Melvin Village,05/08/2001,
1915949,Echo Lake-Cathedral Ledge State Park,Park,NH,33,Carroll,3,440340N,0711013W,44.061180499999999,-71.170349000000002,,,,,267,876,North Conway West,05/08/2001,
1915965,Foss Field,Park,NH,33,Carroll,3,433514N,0711234W,43.587300399999997,-71.209512500000002,,,,,156,512,Wolfeboro,05/08/2001,
1916001,Jones Brook Wildlife Management Area,Park,NH,33,Carroll,3,433017N,0710645W,43.504801800000003,-71.112566299999997,,,,,288,945,Sanbornville,05/08/2001,
1916012,Kona Wildlife Area,Park,NH,33,Carroll,3,434117N,0712313W,43.688130999999998,-71.387016500000001,,,,,197,646,Center Harbor,05/08/2001,
1916019,Libby Park,Park,NH,33,Carroll,3,433652N,0711527W,43.614522000000001,-71.257569000000004,,,,,164,538,West Alton,05/08/2001,
1916026,Lords Hill Historic District,Park,NH,33,Carroll,3,434814N,0710324W,43.803963899999999,-71.056734100000000,,,,,125,410,Freedom,05/08/2001,
1916031,Lower Corner Historic District,Park,NH,33,Carroll,3,434727N,0712439W,43.790906800000002,-71.410906400000002,,,,,241,791,Center Sandwich,05/08/2001,
1916038,McKinney Park,Park,NH,33,Carroll,3,433418N,0711243W,43.571745000000000,-71.212012400000006,,,,,153,502,Wolfeboro,05/08/2001,
1916122,South Wolfeboro Playground,Park,NH,33,Carroll,3,433350N,0711030W,43.563967499999997,-71.175067499999997,,,,,177,581,Wolfeboro,05/08/2001,
1916132,Thompson Sanctuary,Park,NH,33,Carroll,3,435018N,0712245W,43.838406200000001,-71.379239499999997,,,,,181,594,Center Sandwich,05/08/2001,
1916152,Wakefield Village Historic District,Park,NH,33,Carroll,3,433407N,0710144W,43.568690199999999,-71.028954400000003,,,,,209,686,Sanbornville,05/08/2001,
1916190,Androscoggin Wayside Park,Park,NH,33,Coos,7,444430N,0711048W,44.741716900000000,-71.180079399999997,,,,,373,1224,Teakettle Ridge,05/08/2001,
1916211,Brown Company Lots State Wildlife Management Area,Park,NH,33,Coos,7,450530N,0712018W,45.091712500000000,-71.338411300000004,,,,,525,1722,Lake Francis,05/08/2001,
1916242,Dixville Notch State Park,Park,NH,33,Coos,7,445135N,0711738W,44.859770099999999,-71.293968899999996,,,,,647,2123,Dixville Notch,05/08/2001,
1916247,Eames Wayside Area,Park,NH,33,Coos,7,443440N,0713218W,44.577832600000001,-71.538417800000005,,,,,274,899,Groveton,05/08/2001,
1916248,East Inlet Wildlife Management Area,Park,NH,33,Coos,7,451110N,0710753W,45.186158300000002,-71.131461799999997,,,,,602,1975,Second Connecticut Lake,05/08/2001,
1916260,Gorham Common,Park,NH,33,Coos,7,442316N,0711028W,44.387839100000001,-71.174519900000007,,,,,242,794,Berlin,05/08/2001,
1916271,Gray Lot State Wildlife Management Area,Park,NH,33,Coos,7,450535N,0712153W,45.093101300000001,-71.364800900000006,,,,,586,1923,Lake Francis,05/08/2001,
1916294,Lake Francis Wildlife Area,Park,NH,33,Coos,7,450147N,0711918W,45.029768599999997,-71.321744899999999,,,,,497,1631,Lake Francis,05/08/2001,
1916318,Nansen Wayside Park,Park,NH,33,Coos,7,443153N,0710953W,44.531445499999997,-71.164799599999995,,,,,336,1102,Milan,05/08/2001,
1916323,Northern Forest Heritage Park,Park,NH,33,Coos,7,442909N,0711003W,44.485891299999999,-71.167576999999994,,,,,335,1099,Berlin,05/08/2001,
1916352,Scotts Bog Wildlife Management Area,Park,NH,33,Coos,7,451310N,0711056W,45.219490700000001,-71.182295600000003,,,,,715,2346,Second Connecticut Lake,05/08/2001,
1916387,York Pond State Game Refuge (historical),Park,NH,33,Coos,7,Unknown,Unknown,0.000000000000000,0.000000000000000,,,,,,,Unknown,05/08/2001,
1916400,Apthorp Common,Park,NH,33,Grafton,9,441820N,0714459W,44.305616999999998,-71.749810299999993,,,,,258,846,Littleton,05/08/2001,
1916480,Central Square Historic District,Park,NH,33,Grafton,9,433534N,0714403W,43.592851799999998,-71.734245599999994,,,,,155,509,Bristol,05/08/2001,
1916491,Church Hill Wildlife Management Area,Park,NH,33,Grafton,9,434131N,0713902W,43.692017700000001,-71.650632900000005,,,,,153,502,Ashland,05/08/2001,
1916494,Coburn Park,Park,NH,33,Grafton,9,Unknown,Unknown,0.000000000000000,0.000000000000000,,,,,,,Unknown,05/08/2001,
1916496,Colburn Park Historic District,Park,NH,33,Grafton,9,433837N,0721508W,43.643682300000002,-72.252312500000002,,,,,177,581,Hanover,05/08/2001,
1916497,College Green,Park,NH,33,Grafton,9,434212N,0721721W,43.703403899999998,-72.289257500000005,,,,,164,538,Hanover,05/08/2001,
1916499,College Park,Park,NH,33,Grafton,9,434222N,0721706W,43.706181700000002,-72.285090800000006,,,,,179,587,Hanover,05/08/2001,
1916517,Dorchester Common Historic District,Park,NH,33,Grafton,9,434523N,0715651W,43.756460400000002,-71.947583199999997,,,,,413,1355,Wentworth,05/08/2001,
1916592,Hebron Village Historic District,Park,NH,33,Grafton,9,434138N,0714834W,43.693961399999999,-71.809524900000000,,,,,186,610,Newfound Lake,05/08/2001,
1916625,Kinsman Notch Nature Area,Park,NH,33,Grafton,9,440204N,0714730W,44.034510900000001,-71.791749999999993,,,,,721,2365,Mount Moosilauke,05/08/2001,
1916674,Loon Mountain Park,Park,NH,33,Grafton,9,440300N,0713753W,44.050066999999999,-71.631468900000002,,,,,459,1506,Lincoln,05/08/2001,
1916743,Orford Street Historic District,Park,NH,33,Grafton,9,435419N,0720814W,43.905346000000002,-72.137311699999998,,,,,123,404,Fairlee,05/08/2001,
1916768,Plymouth Historic District,Park,NH,33,Grafton,9,434529N,0714121W,43.758127799999997,-71.689244900000006,,,,,166,545,Plymouth,05/08/2001,
1916774,Plymouth Town Common,Park,NH,33,Grafton,9,434527N,0714118W,43.757572199999998,-71.688411599999995,,,,,158,518,Plymouth,05/08/2001,
1916782,Remich Park,Park,NH,33,Grafton,9,441837N,0714605W,44.310339100000000,-71.768144000000007,,,,,274,899,Littleton,05/08/2001,
1916789,Rowbartwood Marsh Wildlife Management Area,Park,NH,33,Grafton,9,434900N,0714333W,43.816737600000003,-71.725912800000003,,,,,259,850,Plymouth,05/08/2001,
1916833,Storrs Pond Recreation Area,Park,NH,33,Grafton,9,434330N,0721544W,43.725070700000003,-72.262312499999993,,,,,146,479,Hanover,05/08/2001,
1916846,The Dells,Park,NH,33,Grafton,9,441839N,0714749W,44.310894500000003,-71.797033499999998,,,,,234,768,Littleton,05/08/2001,
1916851,The Mall,Park,NH,33,Grafton,9,433838N,0721512W,43.643960100000001,-72.253423600000005,,,,,176,577,Hanover,05/08/2001,
1916867,Tuck Mall,Park,NH,33,Grafton,9,434218N,0721733W,43.705070499999998,-72.292590899999993,,,,,159,522,Hanover,05/08/2001,
1916909,White Mountain Motorsports Park,Park,NH,33,Grafton,9,440137N,0714104W,44.027011600000002,-71.684525300000004,,,,,218,715,Lincoln,05/08/2001,
1917003,Concord Civic District,Park,NH,33,Merrimack,13,431227N,0713218W,43.207580999999998,-71.538405100000006,,,,,86,282,Concord,05/08/2001,
1917006,Concord Historic District,Park,NH,33,Merrimack,13,431257N,0713228W,43.215914200000000,-71.541183099999998,,,,,77,253,Concord,05/08/2001,
1917015,Contoocook Park,Park,NH,33,Merrimack,13,431608N,0713637W,43.268968299999997,-71.610352100000000,,,,,108,354,Penacook,05/08/2001,
1917019,Danbury Bog Wildlife Management Area,Park,NH,33,Merrimack,13,433040N,0715035W,43.511185500000003,-71.843136799999996,,,,,250,820,Danbury,05/08/2001,
1917026,Donati Memorial Field,Park,NH,33,Merrimack,13,430517N,0712743W,43.088138499999999,-71.462012700000002,,,,,75,246,Manchester North,05/08/2001,
1917071,Franklin Falls Historic District,Park,NH,33,Merrimack,13,432642N,0713848W,43.445076499999999,-71.646743200000003,,,,,93,305,Franklin,05/08/2001,
1917081,Garrison Park,Park,NH,33,Merrimack,13,431437N,0713428W,43.243691300000002,-71.574517599999993,,,,,115,377,Concord,05/08/2001,
1917092,Grappone Park,Park,NH,33,Merrimack,13,431249N,0713300W,43.213691900000001,-71.550072200000002,,,,,94,308,Concord,05/08/2001,
1917105,Hirst State Wildlife Management Area,Park,NH,33,Merrimack,13,431650N,0713743W,43.280634599999999,-71.628686099999996,,,,,134,440,Webster,05/08/2001,
1917107,Hannah Duston Memorial State Historic Site,Park,NH,33,Merrimack,13,431725N,0713510W,43.290357100000001,-71.586185099999994,,,,,77,253,Penacook,05/08/2001,12/31/2013
1917110,Heights Playground,Park,NH,33,Merrimack,13,431250N,0713024W,43.213970199999999,-71.506737599999994,,,,,105,344,Concord,05/08/2001,
1917119,Holt Road Marsh State Wildlife Manangement Area,Park,NH,33,Merrimack,13,431745N,0713133W,43.295913200000001,-71.525905800000004,,,,,127,417,Penacook,05/08/2001,
1917151,Jamie Welch Memorial Field,Park,NH,33,Merrimack,13,431908N,0713735W,43.318967399999998,-71.626463999999999,,,,,104,341,Webster,05/08/2001,
1917157,Kimball Park,Park,NH,33,Merrimack,13,431303N,0713256W,43.217580800000000,-71.548961000000006,,,,,90,295,Concord,05/08/2001,
1917162,Knight Meadow Marsh Wildlife Management Area,Park,NH,33,Merrimack,13,431915N,0714548W,43.320910400000002,-71.763411899999994,,,,,143,469,Warner,05/08/2001,
1917163,Leonard State Wildlife Management Area,Park,NH,33,Merrimack,13,431925N,0714613W,43.323688099999998,-71.770356399999997,,,,,157,515,Warner,05/08/2001,
1917180,Memorial Field,Park,NH,33,Merrimack,13,431140N,0713325W,43.194525400000003,-71.557016599999997,,,,,91,299,Concord,05/08/2001,
1917186,Mount Kearsarge State Wildlife Management Area,Park,NH,33,Merrimack,13,432450N,0715058W,43.413964399999998,-71.849525299999996,,,,,288,945,Andover,05/08/2001,
1917189,Murray Hill Summer Home District,Park,NH,33,Merrimack,13,433234N,0714747W,43.542852000000003,-71.796469000000002,,,,,318,1043,Danbury,05/08/2001,
1917199,New Hampshire Hospital Grounds,Park,NH,33,Merrimack,13,431158N,0713238W,43.199525500000000,-71.543960700000000,,,,,97,318,Concord,05/08/2001,
1917236,Odell Park,Park,NH,33,Merrimack,13,432646N,0713901W,43.446187600000002,-71.650354399999998,,,,,89,292,Franklin,05/08/2001,
1917260,Pittsfield Center Historic District,Park,NH,33,Merrimack,13,431815N,0711934W,43.304247199999999,-71.326178600000006,,,,,161,528,Pittsfield,05/08/2001,
1917269,Reed Playground,Park,NH,33,Merrimack,13,431106N,0713131W,43.185081400000001,-71.525348899999997,,,,,72,236,Concord,05/08/2001,
1917273,Rolfe Park,Park,NH,33,Merrimack,13,431637N,0713533W,43.277023900000003,-71.592573999999999,,,,,112,367,Penacook,05/08/2001,
1917274,Rollins State Park,Park,NH,33,Merrimack,13,432045N,0715058W,43.345909700000000,-71.849524900000006,,,,,332,1089,Warner,05/08/2001,
1917296,Sanel Park,Park,NH,33,Merrimack,13,431123N,0713000W,43.189803800000000,-71.500070500000007,,,,,100,328,Concord,05/08/2001,
1917299,Scytheville Park (historical),Park,NH,33,Merrimack,13,Unknown,Unknown,0.000000000000000,0.000000000000000,,,,,,,Unknown,05/08/2001,
1917324,Stark Pond Wildlife Management Area,Park,NH,33,Merrimack,13,430655N,0713903W,43.115359099999999,-71.650907099999998,,,,,114,374,Weare,05/08/2001,
1917325,State House Plaza,Park,NH,33,Merrimack,13,431226N,0713214W,43.207303199999998,-71.537294000000003,,,,,84,276,Concord,05/08/2001,
1917343,Tilton Island Park,Park,NH,33,Merrimack,13,432634N,0713511W,43.442854900000000,-71.586464100000001,,,,,136,446,Northfield,05/08/2001,
1917368,Webster Park,Park,NH,33,Merrimack,13,431044N,0712333W,43.178970800000002,-71.392567700000001,,,,,91,299,Suncook,05/08/2001,
1917380,West Street Playground,Park,NH,33,Merrimack,13,431134N,0713221W,43.192858999999999,-71.539238200000000,,,,,86,282,Concord,05/08/2001,
1917474,Fosket Wildlife Refuge,Park,NH,33,Cheshire,5,424515N,0715928W,42.754252100000002,-71.991190599999996,,,,,357,1171,Peterborough South,05/08/2001,
1917546,Canaan Street Historic District,Park,NH,33,Grafton,9,434003N,0720236W,43.667572000000000,-72.043418599999995,,,,,354,1161,Canaan,05/08/2001,
1917559,Enfield Shaker Historic District,Park,NH,33,Grafton,9,433650N,0720840W,43.613960800000001,-72.144532200000000,,,,,244,801,North Grantham,05/08/2001,
1917560,Enfield Wildlife Management Area,Park,NH,33,Grafton,9,433455N,0720726W,43.582016699999997,-72.123976200000001,,,,,472,1549,Enfield Center,05/08/2001,
1917578,Lyme Common Historic District,Park,NH,33,Grafton,9,434834N,0720924W,43.809514299999996,-72.156755300000000,,,,,162,531,Lyme,05/08/2001,
1917594,Wilder Management Area,Park,NH,33,Grafton,9,434800N,0721113W,43.800069999999998,-72.187033700000001,,,,,120,394,Lyme,05/08/2001,
1917596,Williams Field,Park,NH,33,Grafton,9,433848N,0720037W,43.646739099999998,-72.010362299999997,,,,,292,958,Canaan,05/08/2001,
1917606,Forest Lake State Park,Park,NH,33,Coos,7,442140N,0714133W,44.361171499999998,-71.692586899999995,,,,,482,1581,Bethlehem,05/08/2001,
1917614,Jericho Lake Park,Park,NH,33,Coos,7,442918N,0711543W,44.488390699999997,-71.262022099999996,,,,,460,1509,Mount Crescent,05/08/2001,
1917616,John Wingate Weeks Historic Site,Park,NH,33,Coos,7,442701N,0713414W,44.450336399999998,-71.570639600000007,,,,,612,2008,Lancaster,05/08/2001,
1917622,Pondicherry Wildlife Refuge,Park,NH,33,Coos,7,442240N,0713133W,44.377838500000003,-71.525915200000000,,,,,334,1096,Lancaster,05/08/2001,
1917646,Acworth Town Common,Park,NH,33,Sullivan,19,431306N,0721747W,43.218409399999999,-72.296476100000007,,,,,468,1535,Alstead,05/08/2001,
1917649,Broad Street Park,Park,NH,33,Sullivan,19,432219N,0722013W,43.372017999999997,-72.337033700000006,,,,,170,558,Claremont South,05/08/2001,
1917653,Central Business District Historic District,Park,NH,33,Sullivan,19,432220N,0722013W,43.372295800000003,-72.337033700000006,,,,,169,554,Claremont South,05/08/2001,
1917655,Charlestown Main Street Historic District,Park,NH,33,Sullivan,19,431410N,0722528W,43.236186799999999,-72.424532900000003,,,,,116,381,Bellows Falls,05/08/2001,
1917668,Connecticut River State Park,Park,NH,33,Sullivan,19,431315N,0722458W,43.220909300000002,-72.416199500000005,,,,,276,906,Bellows Falls,05/08/2001,
1917698,Lincoln and Allison Gordon Wildlife Management Area,Park,NH,33,Sullivan,19,432507N,0720358W,43.418685400000001,-72.066196700000006,,,,,344,1129,Sunapee Lake North,05/08/2001,
1917701,Lower Village District,Park,NH,33,Sullivan,19,432227N,0722026W,43.374240299999997,-72.340644900000001,,,,,162,531,Claremont South,05/08/2001,
1917715,Newport Town Common,Park,NH,33,Sullivan,19,431900N,0721028W,43.316741700000001,-72.174531099999996,,,,,279,915,Newport,05/08/2001,
1917737,Spaulding Wildlife Management Area,Park,NH,33,Sullivan,19,431645N,0722227W,43.279241700000000,-72.374255099999999,,,,,319,1047,Claremont South,05/08/2001,
1917749,Tremont Square,Park,NH,33,Sullivan,19,432228N,0722017W,43.374518000000002,-72.338144900000003,,,,,149,489,Claremont South,05/08/2001,
1917756,Washington Common,Park,NH,33,Sullivan,19,431034N,0720548W,43.176188600000003,-72.096750700000001,,,,,452,1483,Washington,05/08/2001,
1917757,Washington Common Historic District,Park,NH,33,Sullivan,19,431034N,0720548W,43.176188600000003,-72.096750700000001,,,,,452,1483,Washington,05/08/2001,
1917770,Alumni Field,Park,NH,33,Cheshire,5,425626N,0721903W,42.940636499999997,-72.317586100000000,,,,,154,505,Keene,05/08/2001,
1917777,Ashuelot River Park,Park,NH,33,Cheshire,5,425702N,0721815W,42.950636299999999,-72.304252500000004,,,,,147,482,Keene,05/08/2001,
1917778,Ashuelot River Park,Park,NH,33,Cheshire,5,425745N,0721813W,42.962580500000001,-72.303697000000000,,,,,147,482,Keene,05/08/2001,
1917783,Beech Hill Preserve,Park,NH,33,Cheshire,5,425541N,0721523W,42.928136600000002,-72.256473900000003,,,,,312,1024,Keene,05/08/2001,
1917795,Central Square,Park,NH,33,Cheshire,5,425601N,0721643W,42.933692000000001,-72.278696499999995,,,,,148,486,Keene,05/08/2001,
1917797,Chesham Village District,Park,NH,33,Cheshire,5,425607N,0720843W,42.935359200000001,-72.145360900000000,,,,,352,1155,Marlborough,05/08/2001,
1917803,Chesterfield Gorge State Park,Park,NH,33,Cheshire,5,425450N,0722428W,42.913970200000001,-72.407865099999995,,,,,217,712,Spofford,05/08/2001,
1917805,Childrens Wood,Park,NH,33,Cheshire,5,425614N,0721547W,42.937303100000001,-72.263140699999994,,,,,198,650,Keene,05/08/2001,
1917818,Drewsville Village Green,Park,NH,33,Cheshire,5,430740N,0722334W,43.127855599999997,-72.392865499999999,,,,,148,486,Bellows Falls,05/08/2001,
1917819,Drummer Hill Preserve,Park,NH,33,Cheshire,5,425726N,0721705W,42.957302800000001,-72.284807799999996,,,,,229,751,Keene,05/08/2001,
1917821,Dublin Lake Historic District,Park,NH,33,Cheshire,5,425420N,0720416W,42.905637900000002,-72.071192999999994,,,,,456,1496,Dublin,05/08/2001,
1917822,Dublin Village Historic District,Park,NH,33,Cheshire,5,425421N,0720335W,42.905915600000000,-72.059803900000006,,,,,435,1427,Dublin,05/08/2001,
1917854,Harrisville Historic District,Park,NH,33,Cheshire,5,425643N,0720538W,42.945359300000000,-72.093971199999999,,,,,398,1306,Dublin,05/08/2001,
1917855,Harrisville Rural District,Park,NH,33,Cheshire,5,425455N,0720223W,42.915360100000001,-72.039803599999999,,,,,327,1073,Dublin,05/08/2001,
1917856,Haven State Park,Park,NH,33,Cheshire,5,425018N,0720305W,42.838416799999997,-72.051469900000001,,,,,377,1237,Monadnock Mountain,05/08/2001,
1917865,Horatio Colony Trust,Park,NH,33,Cheshire,5,425508N,0722013W,42.918970100000003,-72.337030700000000,,,,,338,1109,Keene,05/08/2001,
1917869,Jaffrey Center Historic District,Park,NH,33,Cheshire,5,424942N,0720321W,42.828417000000002,-72.055914500000000,,,,,348,1142,Monadnock Mountain,05/08/2001,
1917878,Joyce Athletic Field,Park,NH,33,Cheshire,5,425525N,0721658W,42.923692199999998,-72.282863199999994,,,,,144,472,Keene,05/08/2001,
1917880,Keene City Park,Park,NH,33,Cheshire,5,425600N,0721550W,42.933414200000001,-72.263974000000005,,,,,173,568,Keene,05/08/2001,
1917890,Keene State College Soccer Field,Park,NH,33,Cheshire,5,425503N,0721651W,42.917581200000001,-72.280918700000001,,,,,144,472,Keene,05/08/2001,
1917891,Ladies Park,Park,NH,33,Cheshire,5,425623N,0721832W,42.939803099999999,-72.308974699999993,,,,,152,499,Keene,05/08/2001,
1917904,Monadnock State Park,Park,NH,33,Cheshire,5,425145N,0720403W,42.862583000000001,-72.067581599999997,,,,,372,1220,Monadnock Mountain,05/08/2001,
1917917,Park Hill Common,Park,NH,33,Cheshire,5,425827N,0722726W,42.974247499999997,-72.457310500000006,,,,,150,492,Spofford,05/08/2001,
1917921,Pierces Island State Park,Park,NH,33,Cheshire,5,425421N,0722705W,42.905914699999997,-72.451476900000003,,,,,224,735,Spofford,05/08/2001,
1917925,Pottersville Historic District,Park,NH,33,Cheshire,5,425615N,0720733W,42.937581399999999,-72.125916200000006,,,,,354,1161,Marlborough,05/08/2001,
1917927,Rhododendron State Park,Park,NH,33,Cheshire,5,424705N,0721128W,42.784805900000002,-72.191194400000001,,,,,363,1191,Troy,05/08/2001,
1917930,Richmond Wildlife Manangement Area,Park,NH,33,Cheshire,5,424612N,0721453W,42.770083600000000,-72.248139800000004,,,,,250,820,Troy,05/08/2001,
1917933,Robin Hood Forest,Park,NH,33,Cheshire,5,425637N,0721541W,42.943691800000003,-72.261474000000007,,,,,225,738,Keene,05/08/2001,
1917949,Sawyer Tract,Park,NH,33,Cheshire,5,425040N,0720623W,42.844527499999998,-72.106470900000005,,,,,493,1617,Monadnock Mountain,05/08/2001,
1917955,Silver Lake District,Park,NH,33,Cheshire,5,425700N,0720755W,42.950081200000000,-72.132027500000007,,,,,405,1329,Marlborough,05/08/2001,
1917974,The Dinsmoor Woods,Park,NH,33,Cheshire,5,425730N,0721842W,42.958413899999996,-72.311752600000005,,,,,158,518,Keene,05/08/2001,
1956747,Keene Forestry Park,Park,NH,33,Cheshire,5,425400N,0721530W,42.900081399999998,-72.258418300000002,,,,,150,492,Keene,08/27/2002,
1956817,Barden State Wildlife Management Area,Park,NH,33,Cheshire,5,424602N,0721450W,42.767305800000003,-72.247306399999999,,,,,274,899,Troy,08/27/2002,
1957001,Pisgah State Park,Park,NH,33,Cheshire,5,425025N,0722713W,42.840359900000003,-72.453699099999994,,,,,298,978,Hinsdale,08/27/2002,
1957004,Shadow Lake Park,Park,NH,33,Cheshire,5,425414N,0721858W,42.903970299999997,-72.316197000000003,,,,,209,686,Keene,08/27/2002,
1957008,Ells-Harrison Park,Park,NH,33,Cheshire,5,425647N,0721613W,42.946469600000000,-72.270363000000003,,,,,153,502,Keene,08/27/2002,
1957009,Fuller Park,Park,NH,33,Cheshire,5,425632N,0721643W,42.942303000000003,-72.278696600000004,,,,,154,505,Keene,08/27/2002,
1957010,Hickey-Desilets Park,Park,NH,33,Cheshire,5,425540N,0721710W,42.927858800000003,-72.286196599999997,,,,,144,472,Keene,08/27/2002,
1957017,Otter Brook State Park,Park,NH,33,Cheshire,5,425800N,0721340W,42.966747200000000,-72.227862400000006,,,,,226,741,Marlborough,08/27/2002,
1957102,Kinson State Wildlife Management Area,Park,NH,33,Cheshire,5,430640N,0721228W,43.111189199999998,-72.207863099999997,,,,,391,1283,Marlow,08/27/2002,
1957104,McDaniels Marsh State Wildlife Management Area,Park,NH,33,Sullivan,19,433200N,0720358W,43.533406300000003,-72.066197200000005,,,,,338,1109,Enfield Center,08/27/2002,
1957135,Ryan State Wildlife Management Area,Park,NH,33,Cheshire,5,425340N,0720708W,42.894526599999999,-72.118971400000007,,,,,401,1316,Dublin,08/27/2002,
1957136,Peterson State Wildlife Management Area,Park,NH,33,Cheshire,5,425356N,0720108W,42.898971600000003,-72.018969700000000,,,,,318,1043,Dublin,08/27/2002,
1957526,John Hay National Wildlife Refuge,Park,NH,33,Merrimack,13,432056N,0720236W,43.348769900000001,-72.043455600000001,,,,,353,1158,Sunapee Lake South,08/27/2002,05/20/2017
1957586,Wendell Marsh State Wildlife Management Area,Park,NH,33,Sullivan,19,432242N,0720625W,43.378407899999999,-72.107030399999999,,,,,296,971,Sunapee Lake North,08/27/2002,
1957588,Dewey Park,Park,NH,33,Sullivan,19,432353N,0720455W,43.398130100000003,-72.082030099999997,,,,,368,1207,Sunapee Lake North,08/27/2002,
1957612,Gordon State Wildlife Management Area,Park,NH,33,Sullivan,19,432513N,0720338W,43.420352100000002,-72.060640899999996,,,,,385,1263,Sunapee Lake North,08/27/2002,
1957624,Cornish State Wildlife Management Area,Park,NH,33,Sullivan,19,432843N,0722240W,43.478682800000001,-72.377868599999999,,,,,149,489,Windsor,08/27/2002,
1957626,Chase Island State Wildlife Management Area,Park,NH,33,Sullivan,19,432753N,0722323W,43.464794099999999,-72.389813000000004,,,,,93,305,Windsor,08/27/2002,
1957633,Monadnock Park,Park,NH,33,Sullivan,19,432205N,0721956W,43.368129300000000,-72.332311500000003,,,,,162,531,Claremont South,08/27/2002,
1957642,State Fish and Wildlife Management Area,Park,NH,33,Cheshire,5,431550N,0722534W,43.263964100000003,-72.426199800000006,,,,,85,279,Springfield,08/27/2002,
1958051,Gallop Marsh State Wildlife Management Area,Park,NH,33,Sullivan,19,431627N,0721250W,43.274242100000002,-72.213975700000006,,,,,407,1335,Newport,08/27/2002,
1958085,Jenness Beach State Park,Park,NH,33,Rockingham,15,425908N,0704543W,42.985645599999998,-70.761996300000007,,,,,1,3,Hampton,08/27/2002,
2098205,Hamlin Recreation and Conservation Area,Park,NH,33,Belknap,1,433615N,0713330W,43.604166700000000,-71.558333300000001,,,,,202,663,Winnisquam Lake,11/14/2006,
2098207,Eames Recreation and Wildlife Area,Park,NH,33,Belknap,1,433600N,0713400W,43.600000000000001,-71.566666699999999,,,,,228,748,Winnisquam Lake,11/14/2006,
2547197,Lake Umbagog National Wildlife Refuge,Park,NH,33,Coos,7,444730N,0710500W,44.791666700000000,-71.083333300000007,,,,,380,1247,Umbagog Lake North,08/24/2009,
2547198,Umbagog National Wildlife Refuge,Park,NH,33,Coos,7,444542N,0710403W,44.761776900000001,-71.067379200000005,,,,,384,1260,Umbagog Lake North,03/22/2009,05/20/2017
2702429,George O. Carleton Park,Park,NH,33,Hillsborough,11,425349N,0714019W,42.896843099999998,-71.672058100000001,,,,,245,804,New Boston,08/17/2011,
2765319,Great Bay National Wildlife Refuge,Park,NH,33,Rockingham,15,430502N,0705049W,43.083766799999999,-70.847027900000000,,,,,7,23,Portsmouth,03/08/2015,05/20/2017
2765406,Merrimack River Atlantic Salmon Smolt Release Site,Park,NH,33,Hillsborough,11,424900N,0712821W,42.816544200000003,-71.472435599999997,,,,,37,121,Nashua North,03/08/2015,05/20/2017
2765506,Silvio O Conte National Fish And Wildlife Refuge,Park,VT,50,Essex,9,445039N,0714443W,44.844136599999999,-71.745172100000005,,,,,412,1352,Bloomfield,03/08/2015,05/20/2017
2766084,Appalachian National Scenic Trail,Park,VA,51,Craig,45,372106N,0802252W,37.351754499999998,-80.381076800000002,,,,,674,2211,Newport,03/08/2015,05/23/2017
