tweet_id,time,lat,lon,goog_x,goog_y,sender_id,sender_nam,source,reply_to_u,reply_to_t,place_id,tweet_text
746281724821176000,2016-06-24 10:00:03,-15.778499999999900,-47.928699999999900,-5335398.477650000000000,-1779085.967960000000000,1266909829,trendinaliaBR,Tend?¬ncias Brasil,0,0,5722ff20ba67083b,1. Reino Unido 2. #confissoesdamadrugada 3. #Brexit 4. #Arrai?íDeS?úoJo?úoClubeSdv 5. #1DStayWithUs  2016/6/24 06:47 BRT
746281731028770000,2016-06-24 10:00:04,19.431899999999900,-99.132900000000000,-11035423.947300000000000,2205851.730000000000000,1181997601,trendinaliaMX,Trendinalia M??xico,0,0,bfc35dcc7e63252a,1. #Brexit 2. #EsNocheDeSexoY 3. David Cameron 4. #1DStayWithUs 5. #MeBeforeYou  2016/6/24 04:57 CDT #trndnl https://t.co/IN7801UqsL
746281729078362000,2016-06-24 10:00:04,26.350777000000000,-80.069250999999900,-8913268.248300000000000,3042591.441970000000000,174303316,ClickWhisperer,MI360,0,0,d1cd39353c51904d,David Cameron to resign as prime minister in October as Britain votes Brexit https://t.co/BrchflxKcw
746281735449518000,2016-06-24 10:00:05,10.496000000000000,-66.898300000000000,-7447084.689910000000000,1174999.750200000000000,17916058,trendinaliaVE,Es Tendencia en Venezuela,0,0,00ec4c32070f5076,1. #Brexit 2. David Cameron 3. Reino Unido 4. Gran Breta??a 5. #FelizCumpleMessi  2016/6/24 05:22 VET #trndnl https://t.co/TZZWvFfY1p
746281737785745000,2016-06-24 10:00:06,-33.463000000000000,-70.647900000000000,-7864488.252540000000000,-3956921.961160000000000,1182010928,trendinaliaCL,Es Tendencia en Chile,0,0,0010b4cb51ca93d8,1. #Brexit 2. David Cameron 3. #DespuesDelCaos 4. Gran Breta??a 5. Union Europea  2016/6/24 05:52 CLT #trndnl https://t.co/xGRvgIQjMk
746281742307254000,2016-06-24 10:00:07,21.786600000000000,82.794799999999900,9216674.975070000000000,2485923.215930000000000,1270150182,trendinaliaIN,Trends from India,0,0,22370cbe98646150,1. #Brexit 2. #MoveMumbai 3. #FlipkartFashionSaleOn 4. #FunWithMundiDance 5. #AajTakKaOfficeOfProfit  2016/6/24 15:27 IST
746281744500854000,2016-06-24 10:00:07,18.486699999999900,-69.940500000000000,-7785740.844760000000000,2094595.371020000000000,1259332171,trendinaliaDO,Es Tendencia en Dominicana,0,0,01fcc4a23f17e1ed,1. #Brexit 2. FARC 3. Uni??n Europea 4. #NBADraft 5. CLICK PARA VER MAS  2016/6/24 05:57 AST #trndnl https://t.co/b28Rg0WjMN
746281746866462000,2016-06-24 10:00:08,52.516100000000000,13.377000000000000,1489120.828140000000000,6893986.344570000000000,1336218432,trendinaliaDE,Deutschland in Trends,0,0,3078869807f9dd36,1. #Brexit 2. #EURefResults 3. David Cameron 4. #Friedenspreis 5. Britain  2016/6/24 11:57 CEST #trndnl https://t.co/p8qpEIM5hj
746281749034872000,2016-06-24 10:00:08,-34.608499999999900,-58.373500000000000,-6498108.294930000000000,-4110804.316620000000000,1180083066,trendinaliaAR,Es Tendencia en Argentina,0,0,018f1cde6bad9747,1. #BuenViernes 2. #FelizCumpleMessi 3. #Brexit 4. #Felices38Se??orFutbol 5. #AMiQueMeFalteTodoMenos  2016/6/24 06:52 ART
746281751392067000,2016-06-24 10:00:09,4.656400000000000,-74.117800000000000,-8250755.753590000000000,518919.612637000000000,1180020318,trendinaliaCO,Es Tendencia en Colombia,0,0,0161be1b3f98d6c3,1. #Brexit 2. Uni??n Europea 3. #YOCONOZCOUNAQUE 4. #temblor 5. Gran Breta??a  2016/6/24 04:57 COT #trndnl https://t.co/cSmLh2Ssg4
746281753560518000,2016-06-24 10:00:09,41.903100000000000,12.495799999999900,1391026.092860000000000,5146475.326900000000000,1361634884,trendinaliaIT,Tendenze Italia,0,0,7d588036fe12e124,1. #Brexit 2. #1DStayWithUs 3. Inghilterra 4. Trump 5. Unione Europea  2016/6/24 11:52 CEST #trndnl https://t.co/1z2nx2qb8e
746281755179626000,2016-06-24 10:00:10,49.839683000000000,24.029717000000000,2674975.859980000000000,6418557.912130000000000,1199839232,wz_online,WZ_lviv,0,0,084d0d0155787e9d,"?É?Ç'?ö??: ""?æ?Ä?Ç?? ?ƒ?É?á?ä ?ê?????â?????? Brexit ?û ???????? ?????é?????û ???? ??????????????... https://t.co/1HEcPEnOFz  #WZ #?¢?î???û?? #Lviv #?¥?????????? #?É?Ç?ö?? #..."
746281755955494000,2016-06-24 10:00:10,-0.024400000000000,37.903900000000000,4219442.846500000000000,-2716.195657060000000,1409839502,trendinaliaKE,Kenya's Trends,0,0,01a27767608b7265,1. #Brexit 2. #HelpAChildReach5 3. #TECNOC9Launch 4. #Strathgrad2016 5. #IndustryNiteTourMeru  2016/6/24 12:52 EAT https://t.co/6AyDQDZQ89
746281760892215000,2016-06-24 10:00:11,-1.789900000000000,-78.095799999999900,-8693584.687900000000000,-199283.173107000000000,1182074978,trendinaliaEC,Es Tendencia en Ecuador,0,0,002d598a64beb856,1. #Brexit 2. Uni??n Europea 3. #NoCompresEnTia 4. #PazenColombia 5. #LaD??cadaGanada  2016/6/24 04:52 ECT #trndnl https://t.co/ImTx1Tdu04
746281765308760000,2016-06-24 10:00:12,14.618000000000000,-90.524900000000000,-10077185.770700000000000,1645214.959460000000000,1259315281,trendinaliaGT,Es Tendencia en Guatemala,0,0,13d479b108707983,1. #Brexit 2. #EstaLluviaEstaComoPara 3. Reino Unido 4. Emilia Ayuso 5. #HonorableJuzgadorMiPeticionEs  2016/6/24 03:52 CST
746281763106787000,2016-06-24 10:00:12,30.441900000000000,69.359700000000000,7721086.484510000000000,3560479.377150000000000,1408327218,trendinaliaPK,Pakistan Trends,0,0,01178c1d2af9a5d1,1. #Brexit 2. David Cameron 3. #JummahMubarak 4. Britain 5. #Quetta  2016/6/24 14:52 PKT #trndnl https://t.co/V71IHDvL8r
746281768932675000,2016-06-24 10:00:13,9.084600000000000,8.674200000000000,965607.526907000000000,1015557.202050000000000,1408370630,trendinaliaNG,Nigeria Trends,0,0,00385fc639db741f,1. #Brexit 2. Pageitnow Dot Com 3. #HappyBirthdayKorrekt 4. Britain 5. Boris Johnson  2016/6/24 10:52 WAT #trndnl https://t.co/RztqeSY2ZJ
746281771172429000,2016-06-24 10:00:14,38.990099999999900,-9.141299999999990,-1017604.861050000000000,4720253.581070000000000,1361619691,trendinaliaPT,Tend?¬ncias Portugal,0,0,af9566cc2e31d914,1. #Brexit 2. Reino Unido 3. Donald Trump 4. #1DStayWithUs 5. Esc??cia  2016/6/24 10:52 WEST #trndnl https://t.co/uLzQlByvJf
746281777635831000,2016-06-24 10:00:15,15.593100000000000,120.739099999999000,13440615.129000000000000,1757648.984570000000000,1372665186,trendinaliaPI,Philippines Trends,0,0,018c41a53e4a0d8e,1. #1DStayWithUs 2. #Brexit 3. #ALDUBOverloadKilig 4. #ShowtimeFantasticFriday 5. #WWSThePromiseOfLove  2016/6/24 17:57 PHT
746281775370903000,2016-06-24 10:00:15,-28.483200000000000,24.677000000000000,2747031.073930000000000,-3310031.977930000000000,1275907094,trendinaliaZA,South Africa Trends,0,0,dd9c0d7d7e07eb49,1. #Brexit 2. Cassper 3. David Cameron 4. #SpyTapes 5. Britain  2016/6/24 11:52 SAST #trndnl https://t.co/I3Pws3WfVi
746281779951087000,2016-06-24 10:00:16,3.945100000000000,114.401700000000000,12735138.988100000000000,439513.950333000000000,1372563925,trendinaliaMY,Malaysia Trends,0,0,c477d4b3e64a3cb1,1. #Brexit 2. David Cameron 3. Europe 4. #EUref 5. Leave  2016/6/24 17:57 MYT #trndnl https://t.co/3ZpGNCIaQz
746281782299885000,2016-06-24 10:00:16,-43.587699999999900,170.366600000000000,18965123.157600000000000,-5401857.931540000000000,1370651311,trendinaliaNZ,New Zealand Trends,0,0,0091e26a40113758,1. David Cameron 2. #UKreferendum 3. The UK 4. European Union 5. #Brexit  2016/6/24 21:57 NZST #trndnl https://t.co/WiiLMe8GDw
746281784950693000,2016-06-24 10:00:17,38.899099999999900,-77.028999999999900,-8574829.055140000000000,4707228.800910000000000,1180025371,trendinaliaUS,Trendinalia USA,0,0,01fbe706f872cb32,1. #Brexit 2. David Cameron 3. #RuinAVideoGame 4. #1DStayWithUs 5. #1DisDeadParty  2016/6/24 04:52 CDT #trndnl https://t.co/IvleifByXY
746281785152122000,2016-06-24 10:00:17,51.776510700000000,19.454477300000000,2165662.506390000000000,6759816.159610000000000,1316862031,pidybi,Tweetbot 3 for i?ƒS,0,0,d95b50d40bcc459b,#aljazeera Brexit: Britain votes to... https://t.co/zNizpdiUKZ
746281808472444000,2016-06-24 10:00:23,50.946613700000000,6.872347000000000,765026.168490000000000,6611855.730920000000000,30429881,ajkaestner,Fenix for Android,0,0,8abc99434d4f5d28,8abc Eine unerwartete Folge des #Brexit?  https://t.co/e5QmpLwNvR
746281859940638000,2016-06-24 10:00:35,40.419707310000000,-3.698559570000000,-411721.767944000000000,4927121.766500000000000,186478529,PairsonnalitesE,dlvr.it,0,0,206c436ce43a43a3,ESN :  Brit expats in Spain stunned and fearful after Brexit win: The UK voted to leave the EU in a referendum?Çª https://t.co/Wbz9oBwCFB
746281863426121000,2016-06-24 10:00:36,40.419707310000000,-3.698559570000000,-411721.767944000000000,4927121.766500000000000,186478529,PairsonnalitesE,dlvr.it,0,0,206c436ce43a43a3,ESN :  Brexit: Spain proposes 'shared sovereignty' over Gibraltar: Spain proposed on Friday sharing sovereignty?Çª https://t.co/zkW4zcJ28Y
746281891771342000,2016-06-24 10:00:42,-33.453753480000000,-70.608047150000000,-7860051.853570000000000,-3955688.190960000000000,48728275,RodrigoChimogo,Twitter for iPhone,0,0,019f2f4e187ace41,"Cameron hizo campa??a con el Brexit. A los pol?¡ticos les importan una raja las consecuencias de sus actos, con tal de tener poder."
746281939825463000,2016-06-24 10:00:54,40.714352800000000,-74.005973100000000,-8238307.240020000000000,4970299.627950000000000,17855340,anuragyagnik,Squarespace,0,0,01a9a39529b27f36,#Brexit shows that complicated problems should not be solved by popular vote  https://t.co/9FDLoFMhH1
746282000907042000,2016-06-24 10:01:08,38.852535000000000,-77.042480879999900,-8576329.739840000000000,4700570.434370000000000,6409412,jcsrobinson,Instagram,0,0,319ee7b36c9149da,"#Brexit. Well, they did it. Against the best advice of everyone with a firm grasp of economics?Çª https://t.co/mhH7eFCtiU"
746282006875635000,2016-06-24 10:01:10,-1.233430000000000,36.919130000000000,4109818.751570000000000,-137315.405923000000000,173720699,dmogaka,Twitter for Windows Phone,0,0,01e215db7136a37e,"#Huddah be like I always wanted to visit the !EU, what is this #Brexit thing nows #m"
746282008897216000,2016-06-24 10:01:10,41.018599999999900,28.964700000000000,3224335.654540000000000,5015085.546140000000000,1525891644,rene_ames,Instagram,0,0,5e02a0f0d91c76d2,"Woke up to a #shocking &amp; #historic #world #event : #brexit. Enough of #xenophobia, racism &amp;?Çª https://t.co/BzdBggqsQU"
746282041105391000,2016-06-24 10:01:18,40.856507399999900,14.167652000000000,1577135.806160000000000,4991199.520820000000000,271446644,lifeisaconcert,Twitter for Android,0,0,ebdc4aa39ecb7cb1,"ma allora ?¿ tutto vero? Mi confermate che ?¿ tutto vero? Non siamo, che so, tipo a Wonderland o a Narnia? #Brexit  #BremaIN"
746282132276903000,2016-06-24 10:01:40,40.416699999999900,-3.703250000000000,-412243.904224000000000,4926682.047610000000000,211684480,TrendsEspana,Trendsmap Alerting,0,0,206c436ce43a43a3,#ganabrexitarv es ahora una tendencia en Spain https://t.co/46RO0tCOqZ
746282234437578000,2016-06-24 10:02:04,51.507114860000000,-0.127318050000000,-14172.980492800000000,6711491.477160000000000,589601559,ashreidlive,Instagram,0,0,457b4814b4240d87,Sad day...240d - - #brexit #eureferendum #voteleave #britain #england #uk #british #greatbritain?Çª https://t.co/BAZ3YCppqf
746282254721130000,2016-06-24 10:02:09,51.501349679999900,-0.142843970000000,-15901.318001100000000,6710460.438740000000000,240918431,MorterJon,dlvr.it,0,0,457b4814b4240d87,How Uber And Tinder Played Their Part In The Brexit Vote https://t.co/I7wipCRRec https://t.co/cPo54mSLSS
746282324849876000,2016-06-24 10:02:26,0.360360360000000,32.523165790000000,3620462.254230000000000,40115.396250100000000,322043658,KizitoFrancisUG,TweetCaster for Android,0,0,01798bdd380b3e63,#BrexitVote &amp; the effect on Africa RT @AJStream: What stories are you following? Tell us what you think we should cover in future episodes.
746282342751309000,2016-06-24 10:02:30,52.482999999999900,-1.893590000000000,-210793.474542000000000,6887933.665340000000000,199493111,TrendsBrum,Trendsmap Alerting,0,0,53b67b1d1cc81a51,"'brexiters', 'consequences' &amp; 'breakdown' are now trending in #Birmingham https://t.co/Mz3nj9w1Tw"
746282431884439000,2016-06-24 10:02:51,51.507114860000000,-0.127318050000000,-14172.980492800000000,6711491.477160000000000,25430001,JamesTomlinson,Instagram,0,0,457b4814b4240d87,Just a little food for thought on the outcome of #Brexit tps://t.co/Xky5q based on facts and opinions.. No?Çª https://t.co/QtGYS7EXa2
746282433797066000,2016-06-24 10:02:52,43.768986550000000,-79.468668460000000,-8846411.705770000000000,5429761.640540000000000,16951971,MarkOrlan,Foursquare,0,0,3797791ff9c0e4c6,"Clearing my head from #brexit dream (at @GoodLifeFitness in Toronto, ON) https://t.co/EVkGO2OCg4"
746282505624395000,2016-06-24 10:03:09,51.237140959999900,-0.746813830000000,-83134.935261600000000,6663348.898190000000000,740749326,DailyHAMPSHIRE,dlvr.it,0,0,7f1091d90872b83b,Brexit - Hampshire Chamber responds to EU referendum result https://t.co/PAK8gqgBlE #Hampshire https://t.co/3gtVoe9WxD
746282556794998000,2016-06-24 10:03:21,51.507114860000000,-0.127318050000000,-14172.980492800000000,6711491.477160000000000,368516757,frey_carsten,Instagram,0,0,457b4814b4240d87,"#brexit #greatbritain #noeuropeanunion @ London, United Kingdom https://t.co/0BPsWep4jR"
746282582770356000,2016-06-24 10:03:27,40.856634300000000,14.167471500000000,1577115.712990000000000,4991218.197960000000000,271446644,lifeisaconcert,Twitter for Android,0,0,ebdc4aa39ecb7cb1,"""minestrone di demenza senile"" qualcuno ha detto. ?ë COS?î.  Non ci voglio proprio credere. #Brexit #bremaIN"
746282597832073000,2016-06-24 10:03:31,41.899999999999900,12.500000000000000,1391493.634730000000000,5146011.678580000000000,1097745398,marco_calvarese,Instagram,0,0,7d588036fe12e124,"#febbre da #brexit @ Rome, Italy https://t.co/v8NGrCkwgU"
746282631902396000,2016-06-24 10:03:39,55.601879150000000,12.989038720000000,1445933.176010000000000,7479565.867340000000000,20057454,trulsbaerg,Instagram,0,0,6b9fbf597adbeafd,Having a toast for Britain ?Çô Au revoir or adieu?  #fabienejouves #youfuckmywine? #brexit #europe?Çª https://t.co/Xjl10alFU9
746282693655166000,2016-06-24 10:03:54,51.509321059999900,-0.195697980000000,-21784.999479900000000,6711886.066040000000000,442255608,NatachaSteven,Instagram,0,0,01c7ed8caf11e8b2,#brexit af11 such a sad day ... @ Notting Hill London UK https://t.co/LzGDA5OsxF
746282711438987000,2016-06-24 10:03:58,30.108746629999900,31.369731560000000,3492062.543100000000000,3517535.881120000000000,57414039,dinoeg78,Tweetbot for i?ƒS,0,0,01d0cd182297354e,?»?ç ???è?? ?º?å?ç ???ê?ü ?è?¬?à ?Ñ?ä???º?í ?º?ä?¬?«?ü?è?? ?º?ä?¼?à???â?è ?º?ä?¬?è ?¡???ä?¬ ???ä?è?ç?º ?¿?º?ä?ü???ä #Brexit #Egypt #Economy
746282838551592000,2016-06-24 10:04:28,42.503270000000000,27.476510000000000,3058671.101560000000000,5236667.524480000000000,190549204,denbeket,Instagram,0,0,1ef1183ed7056dc1,?í?â?????Ç))) #brexit ?? ?????????ë?? ???Ä?????? ???Ç???????ü - ???????ï?? ?????????????????ü?é?? ?? ?ü?????????? ???????Ç?????ï?? ?Ç???ü?â?Ç?ü?ï. ?Æ?ü?????Çª https://t.co/TIrKVU10X7
746282929060519000,2016-06-24 10:04:50,38.085344200000000,-0.654337700000000,-72840.539560800000000,4591489.110570000000000,1882600663,Zero_negatiu,Twitter for Android,0,0,80e8ca8ed25c6617,"Si P.S?ínchez ha dicho ""esto es lo q ocurre cuando se pregunta a la ciudadan?¡a"",x el Brexit, m reafirmo,es un desgraciado liberal. Ole PSOE!"
746283146824540000,2016-06-24 10:05:42,51.507114860000000,-0.127318050000000,-14172.980492800000000,6711491.477160000000000,1587480781,RNelsonUK,Instagram,0,0,457b4814b4240d87,Who knows what the future holds?¥ôttps://t #scared #future #hopeful #bremain #brexit #uk #igerslondon?Çª https://t.co/gcr25wTQdq
746283191691018000,2016-06-24 10:05:52,48.140087889999900,11.584986109999900,1289634.754440000000000,6130192.190650000000000,38251342,whereisemil,twicca,0,0,37439688c6302728,Keep calm and #Brexit
746283264894185000,2016-06-24 10:06:10,51.507114860000000,-0.127318050000000,-14172.980492800000000,6711491.477160000000000,589601559,ashreidlive,Instagram,0,0,457b4814b4240d87,457b - - #brexit #eureferendum #voteleave #strongerin #britain #england #uk #british #greatbritain?Çª https://t.co/8yhE5z6qKS
746283347480051000,2016-06-24 10:06:29,-27.367984750000000,-55.894990700000000,-6222201.901770000000000,-3169522.287430000000000,775989108,sergiobaez96,Twitter for Windows Phone,0,0,01ef53325401a80c,Ya fu?? escribo los datos del Brexit en el parcial de historia del arte. ps:/
746283504388931000,2016-06-24 10:07:07,50.183300000000000,-5.566670000000000,-619678.869729000000000,6478080.894740000000000,23285692,debbiemackinnon,Instagram,0,0,25d3e991f5637f5a,Gloomy Brexit news. Sending positive UK vibes and thinking about stunning #cornwall. Here's a?Çª https://t.co/HWRcXNpDrF
746283559179132000,2016-06-24 10:07:20,52.528734300000000,13.376767800000000,1489094.979750000000000,6896297.860040000000000,289825941,SalomonPopp,Talon Plus,0,0,3078869807f9dd36,that escalated quickly #Brexit https://t.co/zPV9UcmOyR
746283733913743000,2016-06-24 10:08:02,1.283693450000000,103.844391580000000,11559904.790800000000000,142912.057920000000000,15121557,ghshephard,Tweetbot for i?ƒS,1236101,746280784592535000,58a4c3a0d54e1400,"@BenedictEvans @BRKeogh @DenZhadanov As an outsider - both the Trumps and Brexit seem to driven by xenophobia primarily, not poverty."
746283817271463000,2016-06-24 10:08:21,44.205587729999900,0.623339090000000,69389.790080800000000,5497312.674370000000000,393966456,liloudu17000,Twitter for Windows Phone,0,0,34a752092e35c200,Mes chers amis Anglais vous d??connez s??rieusement en disant Oui au Brexit. Moi je vous aimais bien et vous g?óchez tout...
746283855498350000,2016-06-24 10:08:31,45.463700000000000,9.188140000000000,1022819.066000000000000,5694819.366880000000000,132059075,TrendsMilano,Trendsmap Alerting,0,0,1ea588c12abd39d7,#brexitvote ?¿ ormai una tendenza in #Milan https://t.co/8oWedy0YZx
746283883969249000,2016-06-24 10:08:37,51.507114860000000,-0.127318050000000,-14172.980492800000000,6711491.477160000000000,589601559,ashreidlive,Instagram,0,0,457b4814b4240d87,457b - - #brexit #eureferendum #voteleave #strongerin #britain #england #uk #british #greatbritain?Çª https://t.co/MgZzMniIln
746283898074693000,2016-06-24 10:08:41,51.515312000000000,-0.142025000000000,-15810.150677700000000,6712957.669260000000000,45730692,claudiobedino,Instagram,0,0,457b4814b4240d87,The sun is always shining! #fucking #Brexit @ Oxford Street https://t.co/Rw6viCxagi
746283927489384000,2016-06-24 10:08:48,40.681207399999900,-73.960320499999900,-8233225.215840000000000,4965432.936060000000000,1125306211,malecscanon,Instagram,0,0,011add077f4d2da3,"Still can't believe it so please leave me in denial, I'm fine there... #brexit #tfpeople @?Çª https://t.co/Z9oYBDY3jE"
746283956975378000,2016-06-24 10:08:55,-5.865611250000000,-35.189388360000000,-3917264.793020000000000,-654100.405473000000000,17377456,Halisianismo,Tweetbot for i?ƒS,0,0,a4ddc3856053f7e1,"acordei pra saber que o brexit rolou, voltando a dorme"
746284130543898000,2016-06-24 10:09:36,6.466786460000000,3.491592410000000,388682.289086000000000,721412.672709000000000,205206309,Naijapals,dlvr.it,0,0,011a942e0a0e8fb2,"Old Lady not Allowed to Vote for Brexit Cause She Was ?ÇÿInappropriately Dressed""- Photo https://t.co/CilOUH1xlW https://t.co/g5dwV33j29"
746284147472109000,2016-06-24 10:09:40,51.048392870000000,-114.059401320000000,-12697034.473400000000000,6629858.328520000000000,68293330,CalgaryCP,dlvr.it,0,0,53504716d445dcad,"Britons react in shock, others in jubilation on European Union exit Brexit https://t.co/fm9jIVAUy7"
746284155411955000,2016-06-24 10:09:42,51.048392870000000,-114.059401320000000,-12697034.473400000000000,6629858.328520000000000,68293330,CalgaryCP,dlvr.it,0,0,53504716d445dcad,Stocks crash after UK vote to quit EU shocks investors across the globe Brexit https://t.co/vdlftO3nLV
746284159975460000,2016-06-24 10:09:43,50.850000000000000,4.350000000000000,484239.784884000000000,6594803.226560000000000,454092770,Lulu_Eff,Instagram,0,0,0653bb913c88c1ea,Locked  #sun #sunny #day #days #strange #strangeclouds #historic #day #brexit #history #sky?Çª https://t.co/oDCxf04QmR
746284260827398000,2016-06-24 10:10:07,53.539254270000000,-113.499756840000000,-12634735.134900000000000,7083375.010260000000000,74338109,EdmontonCP,dlvr.it,0,0,6a6d896ba1cb5dc4,Stocks crash after UK vote to quit EU shocks investors across the globe Brexit https://t.co/8iQjKlMpKD
746284263226507000,2016-06-24 10:10:08,35.224839770000000,-80.840793419999900,-8999155.957600000000000,4194478.104400000000000,64465376,CharlotteCP,dlvr.it,0,0,512a8a4a4c4b4be0,Brexit: The UK votes to leave the European Union https://t.co/FQxY6YnkZf
746284285267689000,2016-06-24 10:10:13,24.963699999999900,67.066199999999900,7465775.232420000000000,2871286.645050000000000,1427379163,OkayHammad,Twitter for BlackBerry,0,0,01aadce76841e2c5,Long live the Queen #Brexit S Depok)
746284517137100000,2016-06-24 10:11:08,51.602611600000000,-0.065190420000000,-7256.964358000000000,6728589.020640000000000,275075320,_THFC_,dlvr.it,0,0,06b9691f34c91d1c,How Brexit could stop Premier League clubs signing young players https://t.co/S5ejSMQHun #COYS https://t.co/qN07lo10VL
746284527073562000,2016-06-24 10:11:11,48.536177799999900,2.619281000000000,291577.027124000000000,6196523.811990000000000,859997336,tndstrs,Twitter for Android,0,0,6d1be17c392d4b37,"Alors, les r??sultats de #Brexit c'est quoi ? Le Royaume-Uni n'est plus de l'Union Europ??enne ?"
746284553883443000,2016-06-24 10:11:17,14.598894720000000,120.994264070000000,13469019.863300000000000,1643017.117570000000000,132109882,herberthallig,Instagram,0,0,01bb53b81ba40196,"Because #Brexit is trending, Cafe UK seems to be the apt place for coffee ?ÿò??Å, books o"
746284594413056000,2016-06-24 10:11:27,47.786513659999900,12.466309710000000,1387743.248800000000000,6071411.517030000000000,30323480,asinuz,Tweedle,0,0,419f55143bcfff97,Brexit for Champions  #Vonnegut
746284653670195000,2016-06-24 10:11:41,42.699461100000000,2.925682900000000,325685.530606000000000,5266338.068080000000000,40684381,JulienTabary,Twitter for Android,0,0,5887fa2ac0bab6be,Le Royaume-Uni a mis a jour sa situation amoureuse. https://t.co/NOElfDMwuP #brexit
746284691175673000,2016-06-24 10:11:50,28.586139500000000,77.238170900000000,8598113.853210000000000,3323075.583000000000000,27905985,Wry_Martini,Twitter for Android,0,0,317fcc4b21a604d5,"Winter has come. ""@AshSuttonSA: How #Brexit could impact Game of Thrones. Seriously https://t.co/iEUAZXjMld via @TIMEWorld"""
746284754971025000,2016-06-24 10:12:05,9.114371500000000,7.378349300000000,821354.086858000000000,1018913.589680000000000,283739664,ikechukwuaustin,Twitter for Android,0,0,00e55e2b4c491c5f,"If they will regret their action in the future, fine; but let the will of the majority be respected. #Brexit"
746284829839339000,2016-06-24 10:12:23,51.493900300000000,-0.098370000000000,-10950.498307800000000,6709128.392980000000000,1418252924,LoveFreshViet,Instagram,0,0,7f55e839e1715da2,No #brexit talks here...OUT OF MANY WE ARE ONE @ Love Fresh Vietnamese https://t.co/WvIX3JxfyI
746284875175575000,2016-06-24 10:12:34,52.516388890000000,13.392777779999900,1490877.202570000000000,6894039.191180000000000,131294321,diseridora,Instagram,0,0,3078869807f9dd36,My whole morning was about finding answers for #brexit .... Then I've found this. #in #out #stay?Çª https://t.co/KXTleKYBUs
746285078716760000,2016-06-24 10:13:22,40.416699999999900,-3.703250000000000,-412243.904224000000000,4926682.047610000000000,132332305,TrendsMadrid,Trendsmap Alerting,0,0,206c436ce43a43a3,#brexitm4 es ahora una tendencia en #Madrid https://t.co/lvSO6nPLXn
746285091215781000,2016-06-24 10:13:25,52.999065320000000,6.568926850000000,731249.591900000000000,6982825.030800000000000,20905423,teunjan,Tweetbot for i?ƒS,0,0,6a5aff47bb340b6b,I feel sorry for the 48% who used heart &amp; head while voting for (keeping) GB in a strong EU (economical and political perspective)  #Brexit
746285116352237000,2016-06-24 10:13:31,63.084239699999900,21.694553200000000,2415026.614880000000000,9120936.536080000000000,77931436,teronurmi,Twitter for Windows Phone,0,0,950c2e8b6eb601ae,"Kun katsoo ketk?ñ kaikki ovat innoissaan #Brexit:ist?ñ, on melko helppo olla t?ñ?ñll?ñ toisella puolella."
746285128687685000,2016-06-24 10:13:34,-1.232490000000000,36.918759999999900,4109777.563360000000000,-137210.741369000000000,173720699,dmogaka,Twitter for Windows Phone,0,0,01e215db7136a37e,"#Kenyan shilling gains 10% against British pound, in the wake of #Brexit - @ntvkenya"
746285194118848000,2016-06-24 10:13:50,48.996584599999900,2.113688900000000,235294.772011000000000,6274281.891090000000000,619073842,MiisterOliiver,Twitter for Android,0,0,62b82bf312ac9545,Victoire du Brexit! Choqu?? et d???ºu #Brexit
746285222979854000,2016-06-24 10:13:57,-33.451169610000000,-70.608215709999900,-7860070.617580000000000,-3955343.446740000000000,48728275,RodrigoChimogo,Twitter for iPhone,0,0,019f2f4e187ace41,"En pa?¡ses avanzados, tambi??n los pol?¡ticos apelan a la ignorancia y el miedo, para tener poder #Brexit"
746285243620024000,2016-06-24 10:14:02,37.378253000000000,-5.978165600000000,-665486.350379000000000,4491962.343000000000000,211524665,jmorenoromero,Twitter for Android,0,0,8c86b8b4cb716103,".@nomfup  ""Al tel??fono con @bundeskanzlerin"" https://t.co/c59SuoR669 #EU #Brexit"
746285350344065000,2016-06-24 10:14:27,54.298625999999900,-9.546077000000000,-1062664.430570000000000,7226916.575460000000000,45220211,Padraig_McCann,Twitter for Windows Phone,0,0,1147023b519541b3,Nooooooooo!!!! #Brexit #EURef https://t.co/NH7WPi674U
746285583777992000,2016-06-24 10:15:23,35.670470600000000,139.686206190000000,15549797.341800000000000,4255372.857410000000000,121262614,MexicoNoAvanza,dlvr.it,0,0,f7c22e0cf7b3af2b,Rolls-Royce says long-term Brexit impact depends on relationships https://t.co/GvA0JqrAN0
746285589490597000,2016-06-24 10:15:24,35.670470600000000,139.686206190000000,15549797.341800000000000,4255372.857410000000000,121262614,MexicoNoAvanza,dlvr.it,0,0,f7c22e0cf7b3af2b,Brexit vote not end of Europe but 'shot across the bows': Germany's Gabriel https://t.co/ONlwZzXDEM
746285592590196000,2016-06-24 10:15:25,35.670470600000000,139.686206190000000,15549797.341800000000000,4255372.857410000000000,121262614,MexicoNoAvanza,dlvr.it,0,0,f7c22e0cf7b3af2b,Leading Brexit figure Johnson jeered as departs London home https://t.co/1eR6Z45xIg
746285735884505000,2016-06-24 10:15:59,38.984799400000000,-1.870827000000000,-208259.508974000000000,4719494.450240000000000,635244242,RaMinguez,Twitter for Android,145992645,746282619965440000,56933d34eb0f964a,"@A3Noticias esta es la calidad informativa de nuestro pa?¡s, donde lo que importa del brexit es sobre f??tbol. As?¡ vamos."
746285990843559000,2016-06-24 10:17:00,51.510378230000000,-0.226486230000000,-25212.331791800000000,6712075.152470000000000,1289816142,LondonW128QT,dlvr.it,0,0,09ba692cbddfc92c,Broadcasters tear up schedules in wake of Brexit https://t.co/szBwBjC8ss https://t.co/fIVM97bFaY
746285997235798000,2016-06-24 10:17:01,40.416699999999900,-3.703250000000000,-412243.904224000000000,4926682.047610000000000,211684480,TrendsEspana,Trendsmap Alerting,0,0,206c436ce43a43a3,#brexitm4 es ahora una tendencia en Spain https://t.co/46RO0tCOqZ
746286071378509000,2016-06-24 10:17:19,51.505864899999900,-3.162638200000000,-352063.273939000000000,6711267.924620000000000,800136914,__SAMI_RASSAM__,Twitter for Android,0,0,68f3012fe4848e35,I would get out of bed today but not sure I can afford it #Brexit
746286244603240000,2016-06-24 10:18:00,44.490008000000000,11.334279000000000,1261726.166620000000000,5541587.850340000000000,1355366514,udods,Twitter for Windows Phone,0,0,06671c677e777826,"#Brexit#EUref ieri ha vinto la paura,la rassegnazione e l'isolazionismo."
746286404137717000,2016-06-24 10:18:38,38.884522429999900,-77.119627429999900,-8584917.654500000000000,4705143.873370000000000,264158402,BartNaylor,Twitter for iPhone,0,0,319ee7b36c9149da,Brexit--where's the money going to go? Negative interest rate sovereigns? Maybe I should go long on mattresses
746286527290945000,2016-06-24 10:19:08,61.742596390000000,17.078219279999900,1901138.673640000000000,8798364.337810000000000,15248636,maharajmeister,Instagram,0,0,6bb47bea78e1f7a9,Bye bye #Britain no more soggy chips...time learn German hello #Berlin #brexit @ Glada Hudik https://t.co/xArcMNQthZ
746286535121711000,2016-06-24 10:19:09,51.443186019999900,0.321019040000000,35735.676062800000000,6700065.802050000000000,22424132,eesha15,Instagram,0,0,06168d1feda43857,Let the celebrations continue (despite the brexit result today)09mc?Çª https://t.co/E7i2hEAKoB
746286604772319000,2016-06-24 10:19:26,36.011894320000000,-78.815924830000000,-8773748.617270000000000,4302258.134990000000000,637358809,fra_berni,Instagram,0,0,bced47a0c99c71d0,#brexit   #Repost @iodonnalive (via repostapp) @ Cardinal Lake https://t.co/kAa02p3jC2
746286665946243000,2016-06-24 10:19:41,48.836275049999900,2.407093510000000,267956.423788000000000,6247126.217880000000000,1114291806,yeezusbae,Twitter for Windows Phone,0,0,09f6a7707f18e0b1,tr?¿s choqu??e et d???ºue du Brexit
746286696874971000,2016-06-24 10:19:48,51.500000000000000,-0.116667000000000,-12987.311030600000000,6710219.082300000000000,104686990,JoseCabal_,Instagram,0,0,4393349f368f67a1,4393 #uk #brexit #ue @ Westminster https://t.co/jGv0Fy9WiD
746286760510906000,2016-06-24 10:20:03,-15.778499999999900,-47.928699999999900,-5335398.477650000000000,-1779085.967960000000000,1266909829,trendinaliaBR,Tend?¬ncias Brasil,0,0,5722ff20ba67083b,1. Reino Unido 2. #1DStayWithUs 3. #confissoesdamadrugada 4. #Brexit 5. #1AnoSemCristiano  2016/6/24 07:12 BRT https://t.co/MffVmqH2oJ
746286765816717000,2016-06-24 10:20:04,19.431899999999900,-99.132900000000000,-11035423.947300000000000,2205851.730000000000000,1181997601,trendinaliaMX,Trendinalia M??xico,0,0,bfc35dcc7e63252a,1. #Brexit 2. #EsNocheDeSexoY 3. David Cameron 4. #1DStayWithUs 5. #MeBeforeYou  2016/6/24 05:17 CDT #trndnl https://t.co/IN7801UqsL
746286763220492000,2016-06-24 10:20:04,40.420299999999900,-3.705800000000000,-412527.768925000000000,4927208.429980000000000,1179981192,trendinaliaES,Es Tendencia en Espa??a,0,0,206c436ce43a43a3,1. #Brexit 2. Escocia 3. #FelizFinde 4. Gran Breta??a 5. Londres  2016/6/24 12:07 CEST #trndnl https://t.co/K5DFqqcseW
746286770749267000,2016-06-24 10:20:06,10.496000000000000,-66.898300000000000,-7447084.689910000000000,1174999.750200000000000,17916058,trendinaliaVE,Es Tendencia en Venezuela,0,0,00ec4c32070f5076,1. #Brexit 2. Batalla de Carabobo 3. David Cameron 4. #BuenViernes 5. El Reino Unido  2016/6/24 05:47 VET #trndnl https://t.co/TZZWvFfY1p
746286773332959000,2016-06-24 10:20:06,-33.463000000000000,-70.647900000000000,-7864488.252540000000000,-3956921.961160000000000,1182010928,trendinaliaCL,Es Tendencia en Chile,0,0,0010b4cb51ca93d8,1. #Brexit 2. David Cameron 3. #DespuesDelCaos 4. Union Europea 5. #Vertigo2016  2016/6/24 06:17 CLT #trndnl https://t.co/xGRvgIQjMk
746286780874260000,2016-06-24 10:20:08,18.486699999999900,-69.940500000000000,-7785740.844760000000000,2094595.371020000000000,1259332171,trendinaliaDO,Es Tendencia en Dominicana,0,0,01fcc4a23f17e1ed,1. #Brexit 2. Colombia 3. Uni??n Europea 4. #NBADraft 5. CLICK PARA VER MAS  2016/6/24 06:17 AST #trndnl https://t.co/b28Rg0WjMN
746286778684846000,2016-06-24 10:20:08,21.786600000000000,82.794799999999900,9216674.975070000000000,2485923.215930000000000,1270150182,trendinaliaIN,Trends from India,0,0,22370cbe98646150,1. #Brexit 2. #MoveMumbai 3. #FlipkartFashionSaleOn 4. #FunWithMundiDance 5. #VoxOfThrones  2016/6/24 15:47 IST https://t.co/LZ0lSnKin9
746286785378955000,2016-06-24 10:20:09,-34.608499999999900,-58.373500000000000,-6498108.294930000000000,-4110804.316620000000000,1180083066,trendinaliaAR,Es Tendencia en Argentina,0,0,018f1cde6bad9747,1. #BuenViernes 2. #FelizCumpleMessi 3. #Brexit 4. #NoTengoNada 5. David Cameron  2016/6/24 07:17 ART #trndnl https://t.co/Zdrt4tAWye
746286783168544000,2016-06-24 10:20:09,52.516100000000000,13.377000000000000,1489120.828140000000000,6893986.344570000000000,1336218432,trendinaliaDE,Deutschland in Trends,0,0,3078869807f9dd36,1. #Brexit 2. #EURefResults 3. David Cameron 4. #Friedenspreis 5. Demokratie  2016/6/24 12:17 CEST #trndnl https://t.co/p8qpEIM5hj
746286787698384000,2016-06-24 10:20:10,4.656400000000000,-74.117800000000000,-8250755.753590000000000,518919.612637000000000,1180020318,trendinaliaCO,Es Tendencia en Colombia,0,0,0161be1b3f98d6c3,1. #Brexit 2. Uni??n Europea 3. #YOCONOZCOUNAQUE 4. David Cameron 5. Gran Breta??a  2016/6/24 05:12 COT #trndnl https://t.co/cSmLh2Ssg4
746286789992734000,2016-06-24 10:20:10,41.903100000000000,12.495799999999900,1391026.092860000000000,5146475.326900000000000,1361634884,trendinaliaIT,Tendenze Italia,0,0,7d588036fe12e124,1. #Brexit 2. #1DStayWithUs 3. Inghilterra 4. Trump 5. Unione Europea  2016/6/24 12:12 CEST #trndnl https://t.co/1z2nx2qb8e
746286792266047000,2016-06-24 10:20:11,-0.024400000000000,37.903900000000000,4219442.846500000000000,-2716.195657060000000,1409839502,trendinaliaKE,Kenya's Trends,0,0,01a27767608b7265,1. #Brexit 2. David Cameron 3. #HelpAChildReach5 4. #Strathgrad2016 5. #TECNOC9Launch  2016/6/24 13:17 EAT #trndnl https://t.co/6AyDQDZQ89
746286797110419000,2016-06-24 10:20:12,-1.789900000000000,-78.095799999999900,-8693584.687900000000000,-199283.173107000000000,1182074978,trendinaliaEC,Es Tendencia en Ecuador,0,0,002d598a64beb856,1. #Brexit 2. Uni??n Europea 3. #PazenColombia 4. #NoCompresEnTia 5. #LaD??cadaGanada  2016/6/24 05:17 ECT #trndnl https://t.co/ImTx1Tdu04
746286799450869000,2016-06-24 10:20:12,30.441900000000000,69.359700000000000,7721086.484510000000000,3560479.377150000000000,1408327218,trendinaliaPK,Pakistan Trends,0,0,01178c1d2af9a5d1,1. #Brexit 2. David Cameron 3. #KashmirDay 4. Britain 5. #JummahMubarak  2016/6/24 15:12 PKT #trndnl https://t.co/V71IHDvL8r
746286801480908000,2016-06-24 10:20:13,14.618000000000000,-90.524900000000000,-10077185.770700000000000,1645214.959460000000000,1259315281,trendinaliaGT,Es Tendencia en Guatemala,0,0,13d479b108707983,1. #Brexit 2. #EstaLluviaEstaComoPara 3. Reino Unido 4. Emilia Ayuso 5. #HonorableJuzgadorMiPeticionEs  2016/6/24 04:17 CST
746286806677741000,2016-06-24 10:20:14,40.763851600000000,-73.978534600000000,-8235252.800170000000000,4977571.979420000000000,21526194,FrenchBeatsInt,Instagram,0,0,01a9a39529b27f36,#brexit #ue #pmdavidcameron #britain #englamd #out #ifyoudidntknownowyouknow #you #struggle?Çª https://t.co/UGPOgFSFtq
746286805083791000,2016-06-24 10:20:14,9.084600000000000,8.674200000000000,965607.526907000000000,1015557.202050000000000,1408370630,trendinaliaNG,Nigeria Trends,0,0,00385fc639db741f,1. #Brexit 2. David Cameron 3. BULIE YA BY DRPAUL 4. Pageitnow Dot Com 5. Ladda - EMS  2016/6/24 11:12 WAT #trndnl https://t.co/RztqeSY2ZJ
746286807680114000,2016-06-24 10:20:14,38.990099999999900,-9.141299999999990,-1017604.861050000000000,4720253.581070000000000,1361619691,trendinaliaPT,Tend?¬ncias Portugal,0,0,af9566cc2e31d914,1. #Brexit 2. Reino Unido 3. #1DStayWithUs 4. Trump 5. Esc??cia  2016/6/24 11:17 WEST #trndnl https://t.co/uLzQlByvJf
746286809861095000,2016-06-24 10:20:15,0.109700000000000,113.917400000000000,12681226.958800000000000,12211.755599300000000,1270062979,trendinaliaID,Indonesia Trends,0,0,413c7bba7bac61a4,1. #MarkisaTTVPHPinSMASH 2. #Brexit 3. #BajakAdminRizkyNazar 4. Uni Eropa 5. #PuasaDemiTemen  2016/6/24 17:12 WIB https://t.co/OMCuQPRWwL
746286812428066000,2016-06-24 10:20:16,-28.483200000000000,24.677000000000000,2747031.073930000000000,-3310031.977930000000000,1275907094,trendinaliaZA,South Africa Trends,0,0,dd9c0d7d7e07eb49,1. #Brexit 2. Cassper 3. #SpyTapes 4. David Cameron 5. Kanye  2016/6/24 12:17 SAST #trndnl https://t.co/I3Pws3WfVi
746286814546141000,2016-06-24 10:20:16,15.593100000000000,120.739099999999000,13440615.129000000000000,1757648.984570000000000,1372665186,trendinaliaPI,Philippines Trends,0,0,018c41a53e4a0d8e,1. #1DStayWithUs 2. #Brexit 3. #ALDUBOverloadKilig 4. #ShowtimeFantasticFriday 5. #TMWangPagwawakas  2016/6/24 18:12 PHT
746286818270732000,2016-06-24 10:20:17,3.945100000000000,114.401700000000000,12735138.988100000000000,439513.950333000000000,1372563925,trendinaliaMY,Malaysia Trends,0,0,c477d4b3e64a3cb1,1. #Brexit 2. David Cameron 3. #HartyRaya 4. #EUref 5. Leave  2016/6/24 18:12 MYT #trndnl https://t.co/3ZpGNCIaQz
746286823274483000,2016-06-24 10:20:18,38.899099999999900,-77.028999999999900,-8574829.055140000000000,4707228.800910000000000,1180025371,trendinaliaUS,Trendinalia USA,0,0,01fbe706f872cb32,1. #Brexit 2. David Cameron 3. #RuinAVideoGame 4. Boris Johnson 5. #1DStayWithUs  2016/6/24 05:17 CDT #trndnl https://t.co/IvleifByXY
746286965214093000,2016-06-24 10:20:52,48.768924490000000,2.483466490000000,276458.225031000000000,6235743.281490000000000,914331169,Raf_Heddid,Twitter for iPhone,0,0,22c76d0604e76b34,"la tristesse aujourd'hui, je sais pas c'est quoi le pire entre le Brexit et Ibaka qui quitte OKC pour Orlando /vKLhwykeSB"
746287040782704000,2016-06-24 10:21:10,53.143816649999900,8.209737540000000,913903.802374000000000,7009644.539570000000000,36744887,nwzonline,dlvr.it,0,0,fdf8563547c8937c,Handytarife nach Brexit: H??here Kosten f??r Reisende m??glich https://t.co/6TbezLcUeZ #Digital
746287045404856000,2016-06-24 10:21:11,39.963789249999900,-82.995272670000000,-9238991.490610000000000,4860681.625740000000000,63964871,ColumbusCP,dlvr.it,0,0,3df0e3eb1e91170b,Here's what you need to know this morning about the Brexit | https://t.co/C9UFxa5HaX
746287128481435000,2016-06-24 10:21:31,62.240448129999900,25.745422720000000,2865967.347050000000000,8916383.394780000000000,274092006,mikakang,Instagram,0,0,79127afa7377a2f0,Brexitist?ñ huolimatta leppoisaa keskikes?ñn juhlaa! Happy Midsummer! #midsummer #juhannus?Çª https://t.co/2AJGXFfXlE
746287184416743000,2016-06-24 10:21:44,27.914174310000000,-82.331028090000000,-9165048.122210000000000,3238157.436110000000000,117767581,kaartasports,Instagram,0,0,4ec01c9dbc693497,Can't believe it...   The #Brexit could well be the start to a nationalistic world Sydn. Scary?Çª https://t.co/Y2BQ7sJi4N
746287185574363000,2016-06-24 10:21:45,-30.061725890000000,-51.184232299999900,-5697802.675500000000000,-3511486.600730000000000,134205312,Duartee__,Foursquare,0,0,894146230dd1d42d,"Mais um dia, mais um d??lar Brexit could (@ 3?? Regimento de Cavalaria de Guarda in Porto Alegre, RS) https://t.co/HwOAzhZB8d"
746287187092701000,2016-06-24 10:21:45,40.705489350000000,-74.007093290000000,-8238431.939000000000000,4968997.983000000000000,208002139,BlackGotham,Instagram,0,0,01a9a39529b27f36,Camera crews already out in #OldNewYork AKA #FinancialDistrict ready to talk about the #Brexit?Çª https://t.co/CsilKL2MPI
746287204650061000,2016-06-24 10:21:49,9.114371500000000,7.378220500000000,821339.748908000000000,1018913.589680000000000,283739664,ikechukwuaustin,Twitter for Android,0,0,00e55e2b4c491c5f,Peaceful; that was how the so much talked about REFERENDUM went. #Brexit. Nigerians let us all learn from this.
746287247239032000,2016-06-24 10:21:59,56.012035900000000,12.754405750000000,1419813.953270000000000,7560812.035510000000000,631831446,ullakovacevic,Twitter for Android,3792541,746280296471994000,2406f69310767a43,@HAX BRITTERNA SKALL HA HEDERSMEDALJ F?ûR BREXIT
746287286170619000,2016-06-24 10:22:09,51.273370559999900,7.039934330000000,783681.904726000000000,6669793.011730000000000,191411375,ElasUniverse,Instagram,0,0,7c7c1516e3840fc6,Er hat gerade erst vom #brexit erfahren ... @ Fuerteventura https://t.co/LmXXnEcz4I
746287350871887000,2016-06-24 10:22:24,46.230638030000000,6.106176730000000,679736.484184000000000,5817386.472650000000000,19445615,shoebird,Instagram,0,0,068c70be7b3a4cc2,Geneva seems a little too prepared for this morning's result... #brexit @ Geneva International?Çª https://t.co/gO1YI2NHHH
746287605189316000,2016-06-24 10:23:25,50.113779999999900,8.687194999999990,967054.123689000000000,6466003.898470000000000,228016985,mitsuyaxxx,Instagram,0,0,c589d9d6ed38927c,Brexitµ???ü??üú?üí?éâ?üú?üƒ?üù?ÇüµÜæ?üä?üù?Çüµÿ??âô?â??Çé #?ìè??æ?üº?üÖ @ Centro Cultural Gallego de Frankfurt https://t.co/EcMPcTethR
746287659203584000,2016-06-24 10:23:37,-1.273001200000000,36.892383799999900,4106841.378200000000000,-141721.505778000000000,1680325064,JNyiggih,Twitter for Android,0,0,01e215db7136a37e,Vile KOT wako clueless na hii story ya #Brexit https://t.co/R4WgoZjGlx
746287684218396000,2016-06-24 10:23:43,24.963699999999900,67.066199999999900,7465775.232420000000000,2871286.645050000000000,1427379163,OkayHammad,Twitter for BlackBerry,0,0,01aadce76841e2c5,#Brexit #UK https://t.co/bSZpra2zvo
746287783921213000,2016-06-24 10:24:07,67.277068000000000,14.422053999999900,1605455.707250000000000,10235448.923500000000000,295493730,a57998,Tweetlogix,0,0,9370e3bf7ec1a1d4,Now I know how Spock felt in 2009. #brexit
746288095608246000,2016-06-24 10:25:22,51.045000000000000,-114.057000000000000,-12696767.159700000000000,6629257.564270000000000,22358314,sam_binga,Instagram,0,0,53504716d445dcad,Brexit results: depressing. Playing music to people who dance: refreshing. Thank you Calgary for?Çª https://t.co/iNiVV4Dtaa
746288157558087000,2016-06-24 10:25:36,-37.819629370000000,144.984033520000000,16139548.782400000000000,-4553976.733210000000000,1611381,madpilot,Tweetbot for i?ƒS,0,0,01864a8a64df9dc4,. @freodockers are clearly taking the news of the #brexit very hard
746288162251509000,2016-06-24 10:25:37,-28.490645600000000,29.573670900000000,3292125.985020000000000,-3310974.992930000000000,90958470,ademola_babs,Twitter for Android,0,0,dd9c0d7d7e07eb49,Britain voted to leave EU...I wonder why Nigerian are not allowed to decide their fate against 1914 forced amalgamation. #Brexit #Nigexit
746288291780169000,2016-06-24 10:26:08,51.154537959999900,-2.586193060000000,-287893.694493000000000,6648675.357090000000000,110455846,cathmarl,Instagram,0,0,25d3e991f5637f5a,Damon Albarn's Syrian Orchestra. Beautiful speech regarding Brexit from Damon at the start. All?Çª https://t.co/ijYK1GTKQJ
746288369597022000,2016-06-24 10:26:27,29.717533740000000,-95.414439160000000,-10621486.780200000000000,3467292.867260000000000,1926313927,annafelizatweet,Instagram,0,0,1c69a67ad480e1b1,Bet this is how many in the UK are feeling after Brexit. dolor en?Çª https://t.co/I #vscocam #brexit #uk #eu @?Çª https://t.co/T1xfJjooG9
746288502132834000,2016-06-24 10:26:58,45.452570670000000,9.183108590000000,1022258.972000000000000,5693053.102330000000000,457375249,fabelef,Twitter for iPhone,0,0,1ea588c12abd39d7,"Eppure per molti inglesi ?¿ un dramma, l'imbastardimento della democrazia. #Brexit"
746288540883910000,2016-06-24 10:27:08,27.697656580000000,85.324802399999900,9498313.553900000000000,3210908.401080000000000,237154337,jucktion,dlvr.it,0,0,f1d3a53f8a3cc7e9,"Brexit reverberations: #Nepali Rupee plunges against the dollar: Jun 24, 2016- With the United Kingdom opting out?Çª https://t.co/qjdMEQC7Pd"
746288556893691000,2016-06-24 10:27:11,47.376887000000000,8.541694000000000,950857.026461000000000,6003810.067000000000000,71528370,ptext,ptext-API2,0,0,3acb748d0f1e9265,PM: Brexit gef?ñhrdet einvernehmliche Umsetzung der Masseneinwanderungs ...  https://t.co/ilQpyuKZZm
746288694919835000,2016-06-24 10:27:44,51.507114860000000,-0.127318050000000,-14172.980492800000000,6711491.477160000000000,240341639,diego_raidomi,Instagram,0,0,457b4814b4240d87,UK officially out of European community... I'm ready to go!! #brexit #uk #stopmigratefarmers?Çª https://t.co/aVfmC9P6Mn
746288698120077000,2016-06-24 10:27:45,50.867294770000000,7.016916280000000,781119.547121000000000,6597853.188520000000000,23223629,greiten,Foursquare,0,0,8abc99434d4f5d28,"#Brexit Thema No. 1 @NetFed (@ NetFederation GmbH in K??ln, Nordrhein-Westfalen) https://t.co/Se55FuKkxb"
746288746031517000,2016-06-24 10:27:57,51.508055560000000,-0.128055560000000,-14255.079730500000000,6711659.723290000000000,27576817,scarletscandals,Instagram,0,0,457b4814b4240d87,"A place where my heart is, hang in there, you will be fine. #throwback #escaptivating #brexit?Çª https://t.co/yfT9r5BPGJ"
746288788289159000,2016-06-24 10:28:07,43.041371040000000,-87.909680179999900,-9786060.832090000000000,5318271.061870000000000,70949821,MilwaukeeCP,dlvr.it,0,0,2a93711775303f90,Big story this AM -- Britain narrowly votes to leave the EU. A look at its effect here in the US on WISN12 Brexit https://t.co/Oj5vuBSkAA
746288791992754000,2016-06-24 10:28:08,47.605477299999900,-122.332478340000000,-13617989.194400000000000,6041469.493890000000000,74998364,SeattleCP,dlvr.it,0,0,300bcc6e23a88361,Prime Minister David Cameron to resign by October after Brexit vote to leave EU https://t.co/C5D0BlVjpB
746288792860954000,2016-06-24 10:28:08,39.746011990000000,-104.994593430000000,-11687944.675100000000000,4829101.787660000000000,70381121,DenverCP,dlvr.it,0,0,b49b3053b5c25bf5,The story of the day Friday is what exactly Brexit means for the rest of the world. 9News (Sent from 9NEWS) https://t.co/b4wurVEoyJ
746288885160943000,2016-06-24 10:28:30,51.507114860000000,-0.127318050000000,-14172.980492800000000,6711491.477160000000000,25430001,JamesTomlinson,Instagram,0,0,457b4814b4240d87,#NoSayJustPay Just my opinion on the outcome of #Brexit  No hate or slander towards which way?Çª https://t.co/vmMjjV0bvz
746289043105714000,2016-06-24 10:29:07,33.454804160000000,-88.806157150000000,-9885856.191890000000000,3955828.377370000000000,15478132,SBCoffeehouse,Instagram,0,0,ed1736d76c1e007c,You'll hear a lot about #Brexit today. Probably best to grab a Breakfast Muffin or two first.?Çª https://t.co/BX6Izj2Tw3
746289083169800000,2016-06-24 10:29:17,-0.522034000000000,30.741332300000000,3422109.457470000000000,-58113.363093300000000,220920106,BarbaraNyamwiza,Twitter for Android,0,0,003266cc20278fb7,"Lol""@Gishuvski: ""Now y'all pretending you knew Brexit? Name three of his albums"" (I hope hakuna mtu ametweet hii.)"""
746289098047037000,2016-06-24 10:29:21,-8.280260200000000,-35.976993100000000,-4004940.551620000000000,-924979.738180000000000,179691176,MarcielMunizz,Twitter for Android,0,0,81184bffde6b6099,"""@folha: Vit??ria do Brexit pode estimular separatistas no Reino Unido e Europa https://t.co/ggCcJs2Zeh https://t.co/beCzgJjvYE"""
746289106498510000,2016-06-24 10:29:23,51.505149189999900,-0.075584740000000,-8414.054767390000000,6711139.924250000000000,55308837,ElisaBPasino,Instagram,0,0,7f55e839e1715da2,Brexit: che cosa cambia per chi viaggia in Inghilterra? Il pezzo ?¿ fresco fresco su?Çª https://t.co/7GzN9fyHv8
746289156704219000,2016-06-24 10:29:34,51.526000000000000,-0.078000000000000,-8682.920280680000000,6714869.788620000000000,235776175,corradiniphoto,Instagram,0,0,2a3f152d1ac5044a,Definitely a shift in energy on the street here today's #brexit @ Shoreditch https://t.co/Av3v7QJKXz
746289161531957000,2016-06-24 10:29:36,37.995910010000000,23.750291000000000,2643870.299950000000000,4578848.049940000000000,235046669,Ikariapower,Tweetbot for Mac,0,0,00279a5763b04e35,Gay ?ä???à ?????????¼???????? ???????ü?å?¡?é ?ä???à?é ?????ä?????¼???????? ???????¼ ?î?Ç?ë?é ???»?Ç?? ???¼?Ç???????é ???? ???????????ì?ä???ü???? ?Ç???à?Çª?????é ?Ç???à ?????Ä?ü???â?? ?????? ?«?ä???? gay !!! #Brexit
746289173829586000,2016-06-24 10:29:39,27.860978299999900,83.892449700000000,9338864.780720000000000,3231457.612950000000000,1214630184,MadhavPaudel2,Twitter for Android,0,0,f1d3a53f8a3cc7e9,#BrexitVote ?ñ«?ñ? ?ñå?ñ½?Ñì?ñ¿?Ñï ?ñ«?Ñü?ñª?Ñì?ñª?ñ? ?ñ¬?ñ??ñ??ñ£?ñ??ññ ?ñ??Ñü?ñü?ñª?ñ? #DavidCameron ?ñ??Ñç ?ñ??ñ??ñ£?ÑÇ?ñ¿?ñ??ñ«?ñ? ?ñª?ñ??ñª?Ñê?ñ¢?Ñì?ñ¿?Ñì ?Ññ
746289308336795000,2016-06-24 10:30:11,28.586949000000000,77.239191300000000,8598227.443620000000000,3323178.206390000000000,27905985,Wry_Martini,Twitter for Android,0,0,317fcc4b21a604d5,"Well done, Britain. Well fucking done. #Brexit #uknomore"
746289325009100000,2016-06-24 10:30:15,-33.925289120000000,151.234789260000000,16835379.728300000000000,-4018774.585960000000000,151688952,PetraAu,Twitter for iPad,0,0,0073b76548e5984f,Scottish PM just said that Scotland is being taken out of EU against their will and that Scottish membership with UK has now changed #brexit
746289556899520000,2016-06-24 10:31:10,52.391701710000000,-0.537826830000000,-59870.608842300000000,6871262.392390000000000,571963656,DailyNORTHANTS,dlvr.it,0,0,74b48c5ba2fca4c1,Brexit: How we and our neighbours voted https://t.co/upMSVxbkFo #Northants https://t.co/cDw8utERAg
746289652450000000,2016-06-24 10:31:33,-33.702058500000000,150.927471099999000,16801169.227300000000000,-3988865.579040000000000,33361275,lewis66,Twitter for Android,0,0,0073b76548e5984f,"""@SBSNews: Sinkhole swallows car in London street https://t.co/LJntx2Fa25 https://t.co/hzJrXyGZ56"" sorted now we have Brexit"
746289696234438000,2016-06-24 10:31:43,6.634910200000000,3.360451700000000,374083.772028000000000,740251.124982000000000,32186001,go_finger,Twitter for Android,0,0,01eddd9d0dbec2c8,"Just a reminder that 'Donald' literally translates to ""Ruler of the world"" #TRUMP #BREXIT"
746289801473622000,2016-06-24 10:32:08,53.083069260000000,0.144515410000000,16087.381850800000000,6998378.290210000000000,571749506,DailyLINCS,dlvr.it,0,0,50f2d0272381533f,"Brexit vote is a ?Çÿgamble?ÇÖ, claims MP Warman https://t.co/ZilKyLPD4c #Lincs"
746289817558745000,2016-06-24 10:32:12,51.894939540000000,0.894825830000000,99611.555730600000000,6781151.421250000000000,174587664,DailyESSEX,dlvr.it,0,0,38d05a66be6d4ee1,#Essex: Prime Minister announces resignation over Brexit defeat https://t.co/gp3oGxH8A4 https://t.co/4F4Eemhlfw
746289827994308000,2016-06-24 10:32:15,52.097890000000000,0.273000000000000,30390.220982400000000,6817844.610610000000000,341035893,MCMMargherita,Instagram,0,0,38a2f521b95aa01f,This is how I personally feel towards BREXIT! #keeppositive #bringiton?Çª https://t.co/r0lfKI4BZo
746289941001297000,2016-06-24 10:32:41,43.023235990000000,-88.284653079999900,-9827802.624380000000000,5315509.269850000000000,242146468,darlin133,Instagram,0,0,ce868cf1adf8c805,#brexit1adf @ Anytime Fitness - Waukesha West https://t.co/i0wMiaUtwT
746290057170948000,2016-06-24 10:33:09,40.419707310000000,-3.698559570000000,-411721.767944000000000,4927121.766500000000000,186478529,PairsonnalitesE,dlvr.it,0,0,206c436ce43a43a3,ESN :  Spain to seek co-sovereignty on Gibraltar after Brexit: Reuters: Spain will seek co-sovereignty on Gibraltar?Çª https://t.co/AFkOKNUwbg
746290107716669000,2016-06-24 10:33:21,34.091844700000000,73.360065899999900,8166405.179430000000000,4041141.202070000000000,115669619,hassanjan01,Twitter for Android,0,0,64a07f675a8a699a,Britons should vote in to send our lost PM back. #Brexit #Nawazexit #LostPM
746290149089284000,2016-06-24 10:33:31,22.725300000000000,75.865499999999900,8445308.827620000000000,2598831.949810000000000,1202035838,kavihimanshu,Instagram,0,0,4a00f902bee39847,"?ñ£?ñ» ?ñò?Ñç?ñ£?ñ??ÑÇ-?ñ£?ñ» ?ñ¥?ñ??ñí?Ñé  ?ñç?ñé?ñù?Ñì?ñ??Ñê?ñé?ñí ?ñ??ñ??ñ??Ñï, ?ñ??ñ??ñ??ñº?ñ??ñ¿... ?ñ??ñ« ?ñå ?ñ??ñ??Ñç ?ñ??Ñê ?ñ¥?ñ??ñí?Ñé ?ñ??Ñç?ñò?ñ?.. ?ñ??Ñï?ñò ?ñ??ñò?Ñï ?ññ?Ñï ?ñ??Ñï?ñò ?ñ??Ñï  #brexit?Çª https://t.co/nTk2GjXlDd"
746290199139860000,2016-06-24 10:33:43,46.084185339999900,14.481167510000000,1612036.193080000000000,5793850.257700000000000,55623246,BJarc,Instagram,0,0,58f54743b1a62911,"No, se je ??e za?ìel...??e vodo tankajo not. It has started...they're pouring water. #brexit @ LOBI?Çª https://t.co/I8gA3PVv9Q"
746290235919609000,2016-06-24 10:33:52,-1.230700000000000,36.938119999999900,4111932.708700000000000,-137011.433437000000000,1896595884,rawny_ronald,Twitter for Windows Phone,238010923,0,01e215db7136a37e,@wgkantai just broke Down the Brexit decision in the simplest terms possible.. This guy is a business Genius
746290329762963000,2016-06-24 10:34:14,13.044260000000000,80.270105000000000,8935627.213300000000000,1464789.324160000000000,53452045,KennyKayMaaN,Twitter for Windows Phone,0,0,03b7ea94ef68e9d7,#GameOfThronesReference Could the Brexit decision be compared to Cersei Lannister allowing the Faith Militant to exist at King's Landing?
746290521786695000,2016-06-24 10:35:00,52.620470099999900,-8.656034999999990,-963585.408357000000000,6913101.411350000000000,313579110,maurice_danaher,Talon Plus,0,0,54e862bb3ff2f749,I was shocked and a little concerned when it got as close as it did... Now...now I'm just pissed off and disappointed #Brexit
746290728096174000,2016-06-24 10:35:49,19.178879960000000,72.847855179999900,8109386.142910000000000,2176007.493760000000000,171804061,Sexymunda_,Hootsuite,0,0,7929cea6bd5b32bd,Vijay Mallya enters UK and pound crashes...  Yeh Nahi Sudhrega! #Brexit V
746290728066818000,2016-06-24 10:35:49,19.178879960000000,72.847855179999900,8109386.142910000000000,2176007.493760000000000,575487812,Guyinblack_,Hootsuite,0,0,7929cea6bd5b32bd,Vijay Mallya enters UK and pound crashes...  Yeh Nahi Sudhrega! #Brexit V
746290727127236000,2016-06-24 10:35:49,51.507114860000000,-0.127318050000000,-14172.980492800000000,6711491.477160000000000,393571853,RyanOGiobuin,Instagram,0,0,457b4814b4240d87,"Photo from a few weeks back. Bye bye EU #brexit #london #bigben @ London, United Kingdom https://t.co/CGqAobVMpD"
746290741853446000,2016-06-24 10:35:52,-33.457804400000000,-70.637851699999900,-7863369.680900000000000,-3956228.692110000000000,246615165,barrerach,Twitter for Android,0,0,0010b4cb51ca93d8,"""@Cooperativa: Tras triunfo del ""brexit"", el primer ministro David Cameron anunci?? que renunciar?í al cargo"" deja la cagada y se va"
746290748564344000,2016-06-24 10:35:54,-33.453753339999900,-70.608047159999900,-7860051.854680000000000,-3955688.172280000000000,48728275,RodrigoChimogo,Twitter for iPhone,0,0,019f2f4e187ace41,El #Brexit va a dar paso a la escisi??n de Escocia.
746290756575363000,2016-06-24 10:35:56,51.507114860000000,-0.127318050000000,-14172.980492800000000,6711491.477160000000000,216314360,MarkettoMarkDj,Instagram,0,0,457b4814b4240d87,Brexit!!! #me #night #nightlife #day #daylife #life #love #top #friends #friend #happy #travel?Çª https://t.co/TybSTi1irS
746290827803107000,2016-06-24 10:36:13,28.465275890000000,-16.253235620000000,-1809301.912710000000000,3307762.090390000000000,1440393044,JorgeLuis101269,Twitter for Windows Phone,0,0,7974acce42d034d5,Lo del #Brexit ha sido m?ís inesperado que la muerte de #JonSnow ??Alguien resucitar?í a la #UE?
746290972418519000,2016-06-24 10:36:47,52.113311410000000,11.624645190000000,1294049.583030000000000,6820639.597570000000000,79706063,olaf_meister,Twitter for iPhone,0,0,4d6e86b07e4383c8,Spanien thematisiert #Gibraltar. Der Nordirlandkonflikt wird diskutiert. Nur Stunden nach #Brexit zeigt sich f??r was so ne EU gut ist/war.
746291047479685000,2016-06-24 10:37:05,45.419204710000000,-75.696774520000000,-8426526.393100000000000,5687759.892770000000000,67972476,OttawaCP,dlvr.it,0,0,38d5974e82ed1a6c,"Ottawa trends now: David Cameron, Leave, Britain, Sunny, #Brexit and #NBADraft. https://t.co/BcfDjVWDDy"
746291051359440000,2016-06-24 10:37:06,40.716697949999900,-74.000016020000000,-8237644.100910000000000,4970644.054740000000000,53932318,NewYorkCP,dlvr.it,0,0,01a9a39529b27f36,"New York trends now: David Cameron, #Brexit, #RuinAVideoGame, #1DStayWithUs and #1DisDeadParty. https://t.co/LfI98NsOaf"
746291101431107000,2016-06-24 10:37:18,45.683300000000000,10.083299999999900,1122467.821360000000000,5729742.260690000000000,90260480,avukatoglu,Instagram,0,0,e869b00ef34f1a44,#brexit @ The Floating Piers https://t.co/3CR8DRoIBB
746291241772408000,2016-06-24 10:37:52,30.269605190000000,-97.743616869999900,-10880769.656800000000000,3538252.364430000000000,62413708,Austin_CP,dlvr.it,0,0,c3f37afa9efcf94b,"Austin trends now: John Carpenter, U.K., Remain, #Brexit and #atxcouncil. https://t.co/RywbExIQG1"
746291249661906000,2016-06-24 10:37:53,39.939978340000000,-75.166455089999900,-8367491.504210000000000,4857223.924430000000000,57976284,PhiladelphiaCP,dlvr.it,0,0,e4a0d228eb6be76b,"Philadelphia trends now: David Cameron, Nigel Farage, #Brexit, #RuinAVideoGame and #1DStayWithUs. https://t.co/RpVavGGx00"
746291271669424000,2016-06-24 10:37:59,32.797553569999900,-96.774017749999900,-10772834.376500000000000,3868463.311830000000000,58624342,DallasCP,dlvr.it,0,0,18810aa5b43e76c7,"Dallas trends now: A.J. Hammons, David Cameron, Nigel Farage, U.K., #Brexit and #RuinAVideoGame. https://t.co/RrbU8RyrGm"
746291322609373000,2016-06-24 10:38:11,45.777141929999900,15.975164400000000,1778347.166100000000000,5744707.698240000000000,153204201,allixsenos,Tweetbot for i?ƒS,0,0,8d65596349ee2e01,"neka brexita, ja vec vidim razliku od 40$ u konverziji iste koli?ìine kuna od ju?ìer do danas :)))"
746291350576988000,2016-06-24 10:38:18,50.764557449999900,0.290334930000000,32319.936562700000000,6579751.857120000000000,231871018,loobylou_5,Instagram,0,0,3dc7b71f520e2d15,So this is what brexit looks like. I did wonder... #sunshinecoast @ Eastbourne Seafront https://t.co/E6uS1O7ywt
746291461583429000,2016-06-24 10:38:44,39.470199999999900,-0.376805000000000,-41945.740722600000000,4789249.241270000000000,199474748,TrendsValencia,Trendsmap Alerting,0,0,071a52d3a927a1b8,#ganabrexitarv es ahora una tendencia en #Valencia https://t.co/RTfG1ZcuFi
746291794044821000,2016-06-24 10:40:03,-15.778499999999900,-47.928699999999900,-5335398.477650000000000,-1779085.967960000000000,1266909829,trendinaliaBR,Tend?¬ncias Brasil,0,0,5722ff20ba67083b,1. #1DStayWithUs 2. Reino Unido 3. #1AnoSemCristiano 4. #Brexit 5. #confissoesdamadrugada  2016/6/24 07:32 BRT https://t.co/MffVmqH2oJ
746291796808892000,2016-06-24 10:40:04,40.420299999999900,-3.705800000000000,-412527.768925000000000,4927208.429980000000000,1179981192,trendinaliaES,Es Tendencia en Espa??a,0,0,206c436ce43a43a3,1. #Brexit 2. #FelizFinde 3. Escocia 4. Gran Breta??a 5. #DebateFil??sofoARV  2016/6/24 12:27 CEST #trndnl https://t.co/K5DFqqcseW
746291799656783000,2016-06-24 10:40:05,19.431899999999900,-99.132900000000000,-11035423.947300000000000,2205851.730000000000000,1181997601,trendinaliaMX,Trendinalia M??xico,0,0,bfc35dcc7e63252a,1. #Brexit 2. David Cameron 3. #EsNocheDeSexoY 4. #1DStayWithUs 5. #BuenViernes  2016/6/24 05:37 CDT #trndnl https://t.co/IN7801UqsL
746291804794818000,2016-06-24 10:40:06,10.496000000000000,-66.898300000000000,-7447084.689910000000000,1174999.750200000000000,17916058,trendinaliaVE,Es Tendencia en Venezuela,0,0,00ec4c32070f5076,1. #Brexit 2. Batalla de Carabobo 3. David Cameron 4. #24Jun 5. #BuenViernes  2016/6/24 06:07 VET #trndnl https://t.co/TZZWvFfY1p
746291807147831000,2016-06-24 10:40:06,-33.463000000000000,-70.647900000000000,-7864488.252540000000000,-3956921.961160000000000,1182010928,trendinaliaCL,Es Tendencia en Chile,0,0,0010b4cb51ca93d8,1. #Brexit 2. David Cameron 3. #DespuesDelCaos 4. Boris Johnson 5. #Vertigo2016  2016/6/24 06:32 CLT #trndnl https://t.co/xGRvgIQjMk
746291803586891000,2016-06-24 10:40:06,50.899999999999900,-1.400000000000000,-155847.287089000000000,6603623.905750000000000,107219330,joaouniverse,Instagram,0,0,1b676cd4b8a8684a,Fuck Brexit @ Southampton https://t.co/Rvvp9KXaiC
746291814957625000,2016-06-24 10:40:08,18.486699999999900,-69.940500000000000,-7785740.844760000000000,2094595.371020000000000,1259332171,trendinaliaDO,Es Tendencia en Dominicana,0,0,01fcc4a23f17e1ed,1. #Brexit 2. Colombia 3. Uni??n Europea 4. #NBADraft 5. CLICK PARA VER MAS  2016/6/24 06:37 AST #trndnl https://t.co/b28Rg0WjMN
746291812021657000,2016-06-24 10:40:08,21.786600000000000,82.794799999999900,9216674.975070000000000,2485923.215930000000000,1270150182,trendinaliaIN,Trends from India,0,0,22370cbe98646150,1. #Brexit 2. #MoveMumbai 3. #FlipkartFashionSaleOn 4. #AsliPanga 5. #VoxOfThrones  2016/6/24 16:07 IST #trndnl https://t.co/LZ0lSnKin9
746291819646853000,2016-06-24 10:40:09,-34.608499999999900,-58.373500000000000,-6498108.294930000000000,-4110804.316620000000000,1180083066,trendinaliaAR,Es Tendencia en Argentina,0,0,018f1cde6bad9747,1. #BuenViernes 2. #FelizCumpleMessi 3. #Brexit 4. #NoTengoNada 5. David Cameron  2016/6/24 07:32 ART #trndnl https://t.co/Zdrt4tAWye
746291817260318000,2016-06-24 10:40:09,52.516100000000000,13.377000000000000,1489120.828140000000000,6893986.344570000000000,1336218432,trendinaliaDE,Deutschland in Trends,0,0,3078869807f9dd36,1. #Brexit 2. #EURefResults 3. David Cameron 4. #Friedenspreis 5. Boris Johnson  2016/6/24 12:32 CEST #trndnl https://t.co/p8qpEIM5hj
746291822125735000,2016-06-24 10:40:10,4.656400000000000,-74.117800000000000,-8250755.753590000000000,518919.612637000000000,1180020318,trendinaliaCO,Es Tendencia en Colombia,0,0,0161be1b3f98d6c3,1. #Brexit 2. Uni??n Europea 3. #YOCONOZCOUNAQUE 4. David Cameron 5. Gran Breta??a  2016/6/24 05:32 COT #trndnl https://t.co/cSmLh2Ssg4
746291824751349000,2016-06-24 10:40:11,41.903100000000000,12.495799999999900,1391026.092860000000000,5146475.326900000000000,1361634884,trendinaliaIT,Tendenze Italia,0,0,7d588036fe12e124,1. #Brexit 2. #1DStayWithUs 3. Inghilterra 4. Trump 5. Unione Europea  2016/6/24 12:32 CEST #trndnl https://t.co/1z2nx2qb8e
746291827024637000,2016-06-24 10:40:11,-0.024400000000000,37.903900000000000,4219442.846500000000000,-2716.195657060000000,1409839502,trendinaliaKE,Kenya's Trends,0,0,01a27767608b7265,1. #Brexit 2. David Cameron 3. #HelpAChildReach5 4. #Strathgrad2016 5. #TECNOC9Launch  2016/6/24 13:37 EAT #trndnl https://t.co/6AyDQDZQ89
746291829331484000,2016-06-24 10:40:12,-12.043600000000000,-77.021199999999900,-8573960.763110000000000,-1350670.770580000000000,1182075564,trendinaliaPE,Es Tendencia en Per??,0,0,01eba1343779b144,1. #Brexit 2. David 3. #SiTuSupieras 4. #SportingCristal 5. #JuntemonosMas  2016/6/24 05:37 PET #trndnl https://t.co/L3yjxLmNVJ
746291831864909000,2016-06-24 10:40:12,-1.789900000000000,-78.095799999999900,-8693584.687900000000000,-199283.173107000000000,1182074978,trendinaliaEC,Es Tendencia en Ecuador,0,0,002d598a64beb856,1. #Brexit 2. Uni??n Europea 3. #PazenColombia 4. #NoCompresEnTia 5. #LaD??cadaGanada  2016/6/24 05:37 ECT #trndnl https://t.co/ImTx1Tdu04
746291834167582000,2016-06-24 10:40:13,30.441900000000000,69.359700000000000,7721086.484510000000000,3560479.377150000000000,1408327218,trendinaliaPK,Pakistan Trends,0,0,01178c1d2af9a5d1,1. #Brexit 2. David Cameron 3. #KashmirDay 4. #???î?à???ê?å_???Æ???î?????ê_?å?ê?º?? 5. Britain  2016/6/24 15:32 PKT https://t.co/V71IHDvL8r
746291836386324000,2016-06-24 10:40:13,14.618000000000000,-90.524900000000000,-10077185.770700000000000,1645214.959460000000000,1259315281,trendinaliaGT,Es Tendencia en Guatemala,0,0,13d479b108707983,1. #Brexit 2. Reino Unido 3. #EstaLluviaEstaComoPara 4. Emilia Ayuso 5. #HonorableJuzgadorMiPeticionEs  2016/6/24 04:37 CST
746291840316366000,2016-06-24 10:40:14,9.084600000000000,8.674200000000000,965607.526907000000000,1015557.202050000000000,1408370630,trendinaliaNG,Nigeria Trends,0,0,00385fc639db741f,1. #Brexit 2. Ladda - EMS 3. BULIE YA BY DRPAUL 4. Pageitnow Dot Com 5. David Cameron  2016/6/24 11:32 WAT #trndnl https://t.co/RztqeSY2ZJ
746291842656829000,2016-06-24 10:40:15,38.990099999999900,-9.141299999999990,-1017604.861050000000000,4720253.581070000000000,1361619691,trendinaliaPT,Tend?¬ncias Portugal,0,0,af9566cc2e31d914,1. #Brexit 2. Reino Unido 3. #1DStayWithUs 4. Trump 5. Esc??cia  2016/6/24 11:37 WEST #trndnl https://t.co/uLzQlByvJf
746291845664120000,2016-06-24 10:40:16,0.109700000000000,113.917400000000000,12681226.958800000000000,12211.755599300000000,1270062979,trendinaliaID,Indonesia Trends,0,0,413c7bba7bac61a4,1. #MarkisaTTVPHPinSMASH 2. #Brexit 3. #MudikCerdas 4. #BajakAdminRizkyNazar 5. Uni Eropa  2016/6/24 17:37 WIB https://t.co/OMCuQPRWwL
746291848306581000,2016-06-24 10:40:16,-28.483200000000000,24.677000000000000,2747031.073930000000000,-3310031.977930000000000,1275907094,trendinaliaZA,South Africa Trends,0,0,dd9c0d7d7e07eb49,1. #Brexit 2. Cassper 3. David Cameron 4. #SpyTapes 5. Kanye  2016/6/24 12:32 SAST #trndnl https://t.co/I3Pws3WfVi
746291850479185000,2016-06-24 10:40:17,15.593100000000000,120.739099999999000,13440615.129000000000000,1757648.984570000000000,1372665186,trendinaliaPI,Philippines Trends,0,0,018c41a53e4a0d8e,1. #1DStayWithUs 2. #Brexit 3. #TheNextAttraction 4. #TMWangPagwawakas 5. #WWSThePromiseOfLove  2016/6/24 18:32 PHT https://t.co/dRwxiUtCOV
746291852823781000,2016-06-24 10:40:17,3.945100000000000,114.401700000000000,12735138.988100000000000,439513.950333000000000,1372563925,trendinaliaMY,Malaysia Trends,0,0,c477d4b3e64a3cb1,1. #Brexit 2. David Cameron 3. #HartyRaya 4. #EUref 5. Leave  2016/6/24 18:32 MYT #trndnl https://t.co/3ZpGNCIaQz
746291857487863000,2016-06-24 10:40:18,38.899099999999900,-77.028999999999900,-8574829.055140000000000,4707228.800910000000000,1180025371,trendinaliaUS,Trendinalia USA,0,0,01fbe706f872cb32,1. #Brexit 2. David Cameron 3. European Union 4. Boris Johnson 5. #RuinAVideoGame  2016/6/24 05:37 CDT #trndnl https://t.co/IvleifByXY
746292003659460000,2016-06-24 10:40:53,39.300356499999900,-76.613391340000000,-8528563.710740000000000,4764786.839360000000000,23713846,ptklein,Tweetbot for i?ƒS,0,0,c0b8e8dc81930292,"Waking up to a world on fire some days now. Stay Strong, Team. #Brexit"
746292348892647000,2016-06-24 10:42:16,51.776510700000000,19.454477300000000,2165662.506390000000000,6759816.159610000000000,1316862031,pidybi,Tweetbot 3 for i?ƒS,0,0,d95b50d40bcc459b,"Spokojnie, to tylko Brexit https://t.co/nhtElMo0NE #wprost"
746292419575037000,2016-06-24 10:42:32,51.776510700000000,19.454477300000000,2165662.506390000000000,6759816.159610000000000,1316862031,pidybi,Tweetbot 3 for i?ƒS,0,0,d95b50d40bcc459b,#aljazeera Brexit: Pound plummets after UK votes to leave EU https://t.co/LPsGn0YO9A
746292454362517000,2016-06-24 10:42:41,55.000000000000000,-3.000000000000000,-333958.472334000000000,7361866.112040000000000,515839443,SuyashGupta28,Instagram,0,0,0cbfb5dccb8131b8,BREXSHIT #brexit @ United Kingdom https://t.co/jGmYZIj5XA
746292563104010000,2016-06-24 10:43:07,18.486699999999900,-69.940500000000000,-7785740.844760000000000,2094595.371020000000000,1259332171,trendinaliaDO,Es Tendencia en Dominicana,0,0,01fcc4a23f17e1ed,"El hashtag #Brexit ocup?? el jueves 23, la 8?¬ posici??n en el Top20 de las Tendencias de Rep??blica Dominicana: https://t.co/O6BTGhIWol"
746292595358310000,2016-06-24 10:43:14,45.776811230000000,15.980600050000000,1778952.259890000000000,5744654.915680000000000,208280030,kll,Tweetbot for i?ƒS,0,0,8d65596349ee2e01,I?ÇÖm already seeing Croatian banks adjust the USD to HRK exchange rate favorably :))) #brexit
746292616031928000,2016-06-24 10:43:19,51.151785040000000,-2.589166040000000,-288224.645112000000000,6648186.782850000000000,220759313,Weircat13,Instagram,0,0,25d3e991f5637f5a,"Mmmmooorrrnnniinnn!! Mud, rain, cider and James about to start!! #checkitbeforeyoubrexit?Çª https://t.co/VvwL97HWW4"
746292634486870000,2016-06-24 10:43:24,39.571500000000000,2.646900000000000,294651.560140000000000,4803867.816970000000000,1356581678,trendinaliaPMI,Tendencias Palma,0,0,6c1be133511970bc,??Sab?¡as que #Brexit se mantuvo el jueves 23 durante 9 horas en Palma como Tendencia? https://t.co/S1t6bAnIUD #trndnl
746292820672077000,2016-06-24 10:44:08,38.901815319999900,-77.037335859999900,-8575756.998830000000000,4707617.201360000000000,81913437,WashingtonCP,dlvr.it,0,0,01fbe706f872cb32,"Washington trends now: David Cameron, #Brexit, #RuinAVideoGame, #1DStayWithUs and #1DisDeadParty. https://t.co/xcrOzroqCi"
746292821015986000,2016-06-24 10:44:08,39.301903189999900,-76.615534600000000,-8528802.297360000000000,4765009.339460000000000,66179557,BaltimoreCP,dlvr.it,0,0,c0b8e8dc81930292,"Baltimore trends now: Europe, England, Nigel Farage, #Brexit and #FreddieGray. https://t.co/AAd6ezCE46"
746292823037620000,2016-06-24 10:44:09,29.429891110000000,-98.486996460000000,-10963522.294200000000000,3430476.153150000000000,58101529,SanAntonioCP,dlvr.it,0,0,3df4f427b5a60fea,"San Antonio trends now: Dejounte Murray, #Brexit, #NBADraft, #BB18 and #vidcon2016. https://t.co/uZV9sK7H9a"
746292824828567000,2016-06-24 10:44:09,41.888045640000000,-87.626267240000000,-9754511.447930000000000,5144223.947700000000000,55540658,Chicago_CP,dlvr.it,0,0,1d9a5370a355ab0c,"Chicago trends now: David Cameron, Nigel Farage, #Brexit, #ErskineFire and #RuinAVideoGame. https://t.co/fzic8tgFPr"
746292828808982000,2016-06-24 10:44:10,49.890349139999900,-97.139540530000000,-10813524.186200000000000,6427307.853510000000000,70196696,WinnipegCP,dlvr.it,0,0,0811cf61cd9ea52f,"Winnipeg trends now: Andrew Harris, London, Britain, #Brexit and #BB18. https://t.co/uGVDPviE1z"
746292827580047000,2016-06-24 10:44:10,42.356118500000000,-71.055251600000000,-7909834.425210000000000,5214474.442390000000000,70291924,Boston_CP,dlvr.it,0,0,67b98f17fdcf20be,French far-right leader Marine Le Pen applauds Brexit https://t.co/akkLUMIykG
746292834404171000,2016-06-24 10:44:11,29.755237690000000,-95.361844099999900,-10615631.924900000000000,3472126.569810000000000,55823412,Houston_CP,dlvr.it,0,0,1c69a67ad480e1b1,"Houston trends now: Cameron, Nigel Farage, U.K., #Brexit and #RuinAVideoGame. https://t.co/4m2liNgYen"
746292832562929000,2016-06-24 10:44:11,30.326330660000000,-81.653395459999900,-9089614.402900000000000,3545565.953200000000000,62050708,JacksonvilleCP,dlvr.it,0,0,3496512730330cc3,"Jacksonville trends now: scotus, House, David Cameron, #Brexit and #NoBillNoBreak. https://t.co/cYnE2OzB1f"
746292834458730000,2016-06-24 10:44:11,42.356118500000000,-71.055251600000000,-7909834.425210000000000,5214474.442390000000000,70291924,Boston_CP,dlvr.it,0,0,67b98f17fdcf20be,"Boston trends now: David Cameron, Bank of England, Nigel Farage, U.K., #Brexit and #1DStayWithUs. https://t.co/Zp7rKCcElv"
746292848601948000,2016-06-24 10:44:15,39.766906669999900,-86.156503209999900,-9590898.064550000000000,4832127.381730000000000,62169540,IndianapolisCP,dlvr.it,0,0,018929347840059e,"Indianapolis trends now: David Cameron, Tory, #Brexit, #NBADraft and #Pacers. https://t.co/PAyetihDeT"
746293076436520000,2016-06-24 10:45:09,43.041371040000000,-87.909680179999900,-9786060.832090000000000,5318271.061870000000000,70949821,MilwaukeeCP,dlvr.it,0,0,2a93711775303f90,We are following the latest on the Brexit. WISN 12 News https://t.co/mBLLS4EVea
746293078865022000,2016-06-24 10:45:10,43.041371040000000,-87.909680179999900,-9786060.832090000000000,5318271.061870000000000,70949821,MilwaukeeCP,dlvr.it,0,0,2a93711775303f90,"Milwaukee trends now: Thon Maker, U.K., #Brexit, #BB18 and #mubb. https://t.co/teyikD1jzZ"
746293182019796000,2016-06-24 10:45:34,51.535468500000000,-0.154097730000000,-17154.080833600000000,6716564.110280000000000,1091788537,TruffleDeli,Instagram,0,0,56c45474148ca4da,Just discovered England &amp; Wales' new parliament building. #brexit @ ZSL London Zoo https://t.co/e93X5kYxox
746293494046724000,2016-06-24 10:46:49,40.856448999999900,14.167693099999900,1577140.381390000000000,4991190.925520000000000,271446644,lifeisaconcert,Twitter for Android,0,0,ebdc4aa39ecb7cb1,"guardate non ci vuole per forza una laurea in relazioni internazionali per esprimere il proprio parere, si chiama CULTURA GENERALE #Brexit"
746293564934500000,2016-06-24 10:47:06,13.717581070000000,100.572258330000000,11195652.583700000000000,1541835.125580000000000,35171204,Annanop,Instagram,0,0,018d57064db99031,??ç?????Ö??ü??ù??Ö??ü??ç??í??? ??í?????ü??Ü??Ü??ö??ê??º??Ö??å ??â??Ö??ú?????ó??ü?????ú #??Ç??ö??ê??Ö??Ç??ê????????Ñ?????ü ??Ç??ü????????ü??ú?????ü??¬ #brexit ??ü?????Ü 106familynews ??¬??ä??ú?????¢??Ç??ò??ç??í??é??ò??è????Çª https://t.co/95ntewTkEu
746293590935035000,2016-06-24 10:47:12,52.020658589999900,0.240668240000000,26791.065923200000000,6803861.653760000000000,174587664,DailyESSEX,dlvr.it,0,0,2e2a04d501143fa5,#Essex: Business leaders call on Havering entrepreneurs to embrace Brexit opportunities https://t.co/AWwpXoYFE4 https://t.co/Lmz8Ma9FS7
746293609205489000,2016-06-24 10:47:16,53.679336999999900,-1.828032000000000,-203495.591366000000000,7109658.954390000000000,1029207932,jl195480,Twitter for Windows Phone,0,0,2f715b90261175ca,Presumably the brexit side will now get such a good exit deal that they will be happy to hold a second referendum before signing it?
746293633926692000,2016-06-24 10:47:22,38.085348000000000,-0.654338800000000,-72840.662012300000000,4591489.648000000000000,1882600663,Zero_negatiu,Twitter for Android,0,0,80e8ca8ed25c6617,#GanaBrexitARV. P q la sexta no sustituye a Antonio Ferreras q hoy est?í d luto riguroso y no est?í n disposici??n d llevar alegr?¡a a la gente.
746293846976372000,2016-06-24 10:48:13,55.624169500000000,37.509956199999900,4175589.223290000000000,7483959.353320000000000,407158592,YuryMed,Twitter for Android Tablets,0,0,4303d1afc1e98c37,?¡???ü-?????ü???? #?í?¿?É ?? #?á?ñ #?£?????ä???? ?????????Ç???????? #?ƒ?â?é???? ?ü ?????????????? ???? #Brexit https://t.co/EE1E5CfxP7 #yury.?í ???????????î?????? ?????????????? ?????? ???????î???????..
746293847567773000,2016-06-24 10:48:13,52.520007000000000,13.404954000000000,1492232.653180000000000,6894701.080960000000000,71528370,ptext,ptext-API2,0,0,3078869807f9dd36,PM: Michael Prinz zu Salm-Salm: Brexit f??r Landwirtschaft schwerer Schlag  https://t.co/o1Q2hWub9r
746293989213536000,2016-06-24 10:48:47,-6.208270000000000,106.806910000000000,11889690.832800000000000,-692457.779817000000000,289200046,sherlita93,Path,0,0,019ffe0a3471b036,Brexit. Seriously Britts? (with Regi and Shavira at @kuningan_city) ?Çö https://t.co/C3UHtO52Mp
746294045773815000,2016-06-24 10:49:00,52.520007000000000,13.404954000000000,1492232.653180000000000,6894701.080960000000000,71528370,ptext,ptext-API2,0,0,3078869807f9dd36,PM: BGA: Brexit - schwerer Schlag f??r die EU  https://t.co/UTNOzj2Met
746294096306671000,2016-06-24 10:49:12,50.580702250000000,-3.464566720000000,-385673.803037000000000,6547457.281610000000000,570841463,Daily_DEVON,dlvr.it,0,0,428a051e915de872,Brexit: UK could lose investment and London toppled as finance... https://t.co/68ArJKylsC #Devon https://t.co/ylTzNIR7px
746294176271179000,2016-06-24 10:49:31,-34.730865299999900,-58.358203899999900,-6496405.540870000000000,-4127366.695160000000000,125789894,CreativaRadio,Twitter for Android,0,0,017115ee2013f809,"#Brexit Reino Unido sale de la UE, renuncio el primer Ministro #DavidCameron  y #Escocia va por su independencia https://t.co/QkLBZNmqCk"
746294192142430000,2016-06-24 10:49:35,53.199982800000000,-8.580112300000000,-955133.732054000000000,7020075.335320000000000,79445696,nikkimol,Twitter for Android,0,0,3cdad59a91d99400,"""Donald Trump has said the UK voting to leave the European Union is a ""great thing"" #EUref https://t.co/b2SV9TpLdD"" Ye fucked up!! #Brexit"
746294195023974000,2016-06-24 10:49:36,54.909999999999900,-1.385000000000000,-154177.494728000000000,7344418.503080000000000,70233077,Spitfirebullets,Instagram,0,0,7bd9298983681ec3,#spitfirebullets #ukleave #brexit we didn't vote!! We're fucked!! @ City of Sunderland https://t.co/KoQG6iCmvr
746294248962678000,2016-06-24 10:49:49,41.166657579999900,1.468862700000000,163513.047787000000000,5036954.783340000000000,229759674,JoanOriol,Instagram,0,0,2799b368bf4d8b5e,"Celebrando el #brexit h M., haura, @ Platja llarga de Roda Bara https://t.co/yHWLh2nMyf"
746294387697684000,2016-06-24 10:50:22,53.795861330000000,-6.248029610000000,-695527.474551000000000,7131589.278330000000000,19659624,HugoFitzpatrick,Instagram,0,0,6c1df5b2b02bc32f,"Beyond those peaks is the border of the EU with Northern Ireland #Brexit @ Clogherhead, Co Louth. https://t.co/GsRgtaMlxC"
746294420794925000,2016-06-24 10:50:30,51.410357200000000,-0.148228800000000,-16500.754534600000000,6694204.689680000000000,19973620,fabiodnb,Twitter for Android,0,0,3798b82d031ee49c,#Brexit is a bit like gatecrashing a party and leaving at 9pm.
746294567192891000,2016-06-24 10:51:04,51.519137120000000,-0.126597240000000,-14092.740290700000000,6713641.944610000000000,587582181,TINATIME_,Instagram,0,0,5de8cffc145c486b,"Apropo #flashback to when the United Kingdom was still part of the EU, pre #brexit !!!?Çª https://t.co/Ak7cGd1exh"
746294926871306000,2016-06-24 10:52:30,54.310830060000000,10.128154510000000,1127461.002570000000000,7229244.955640000000000,112141552,muftioemmes,Tweetbot for i?ƒS,0,0,1b9b5e83e647a7ed,Shut the hell up. #Brexit #Trump https://t.co/Q9y26JaYHK
746294965626609000,2016-06-24 10:52:39,53.074106620000000,-2.490009870000000,-277186.630761000000000,6996717.419700000000000,801852,DonNantwich,Tweetbot for i?ƒS,0,0,7a6fb7508ad50ef3,For some. Today?ÇÖs special is Shit Sandwich.   Take a big old bite.   #BREXIT
746295105510727000,2016-06-24 10:53:13,52.054277970000000,1.152179430000000,128260.027432000000000,6809945.562810000000000,567398972,DailySUFFOLK,dlvr.it,0,0,315906f3f5b4dffe,"Ministers ?Çÿmust get down to work?ÇÖ following Brexit vote, business leaders in?Çª https://t.co/EYqHrQseWt #Suffolk https://t.co/kWDiQZvqvP"
746295168639307000,2016-06-24 10:53:28,39.574300700000000,22.301989610000000,2482646.126720000000000,4804272.288400000000000,97017227,minovgidiss,Twitter for Windows Phone,0,0,01885acb12481dd3,?ƒ ?ä???????à?ä???»???é ???? ???????»?â???? ?ä???? ?Ç?î?ü?ä?? #liveugr #brexit
746295179611615000,2016-06-24 10:53:30,-22.912344800000000,-43.047616200000000,-4792038.714590000000000,-2621421.659850000000000,67202419,DaniloCrespo,Twitter for Android,0,0,59373f0a295160e4,Brexit fodendo o mundo no momento; deu ruim at?? no Jap?úo.
746295281436729000,2016-06-24 10:53:55,38.025602800000000,23.774356000000000,2646549.203490000000000,4583043.260820000000000,392697890,gvftanipia,Twitter for Android,0,0,012c3b513cd6a342,?ñ?â???Ç?ü?? ?ä??.brexit ???ü???? ?ë?é.???Ç???ä???????â???? ?Ç???????ä?????ë??.???Ç?ë?é.???â?à.?? ?Ü???ü?????????????é ?? ?£???ä?â???ä???????é.?? ?ú???????ü???é ?? ?ú???????ä???é ??.?á???Ç???????ü?????à ?? ?Ü?????????????é ?æ?????? ?????????ä??
746295352295186000,2016-06-24 10:54:12,45.419204710000000,-75.696774520000000,-8426526.393100000000000,5687759.892770000000000,67972476,OttawaCP,dlvr.it,0,0,38d5974e82ed1a6c,British PM David Cameron to step down this year in wake of Brexit vote https://t.co/8o5JbrpZkm
746295946892414000,2016-06-24 10:56:33,46.517168980000000,39.089150119999900,4351384.286300000000000,5863616.804890000000000,29256097,Alexey_Yakuta,Tweetbot for i?ƒS,0,0,9e4280d6120a165b,#?ñ?â???é - ?ä???????Ç???é ?????Å ?ê?å ?¿?º?ä?ä?è?ä ?¥ñ??Å #brexit terfront Cape Town https https://t.co/uEBpeOm09t
746295955436146000,2016-06-24 10:56:35,51.507114860000000,-0.127318050000000,-14172.980492800000000,6711491.477160000000000,1583585784,Luxeitnow,Instagram,0,0,457b4814b4240d87,?Çó C U R R E N T . M O O D ?Çó  Trying to pretend #brexit didn't happen... #vibes #europe #uk?Çª https://t.co/P4mUNK6HBI
746296062776860000,2016-06-24 10:57:01,52.253235740000000,-7.106613310000000,-791104.574825000000000,6846043.877760000000000,134092014,HangBlaa,Twitter for iPad,0,0,0f30361084eecfc3,Prince Charles reacts to #brexit result. https://t.co/kxKm5FN9oJ
746296119269855000,2016-06-24 10:57:15,49.264166789999900,-123.114453130000000,-13705038.229800000000000,6319804.421340000000000,138418838,Pairsonnalites,dlvr.it,0,0,1e5cb4d0509db554,"Brexit: the UK must continue to be an international leader against poverty, says Christian Aid: 24 June 2016 - The?Çª https://t.co/1ViG1CJyxs"
746296630148763000,2016-06-24 10:59:16,43.833300000000000,-79.500000000000000,-8849899.516850000000000,5439681.110040000000000,19924227,mrenshaw,Instagram,0,0,78d9392bd6093265,"Today's #ViewFromTheBalcony #Brexit @ Vaughan, Ontario https://t.co/fOGL4A81IS"
746296670086959000,2016-06-24 10:59:26,26.240461040000000,50.562515259999900,5628593.451200000000000,3028893.682730000000000,427364723,LAIWONDERLAND,Instagram,0,0,e3e9c55876b99760,On the day the 'Brexit' won (what a stupid name BTW) I prefer to enroll with my architecture?Çª https://t.co/4boiyQaYzQ
746296791415414000,2016-06-24 10:59:55,19.456808230000000,-99.200583899999900,-11042958.484600000000000,2208792.211140000000000,131077579,jlueza,Twitter for Windows Phone,0,0,3ad512d283f67a11,"El hombre que abri?? a la reflexi??n, dimite tras el si al brexit. https://t.co/KZI3kpI9gV"
