trial	value
1	4
2	4
3	0
4	2
5	2.4
6	2.66666666666667
7	3.42857142857143
8	3.5
9	2.66666666666667
10	3.6
11	3.27272727272727
12	3.33333333333333
13	3.07692307692308
14	3.71428571428571
15	2.93333333333333
16	3.75
17	3.76470588235294
18	3.11111111111111
19	3.15789473684211
20	3
21	3.42857142857143
22	3.27272727272727
23	3.65217391304348
24	2.66666666666667
25	2.88
26	3.23076923076923
27	2.96296296296296
28	3.57142857142857
29	3.58620689655172
30	3.46666666666667
31	2.96774193548387
32	3.25
33	3.03030303030303
34	2.70588235294118
35	2.74285714285714
36	3.44444444444444
37	2.81081081081081
38	3.26315789473684
39	3.07692307692308
40	3.1
41	3.60975609756098
42	2.85714285714286
43	2.97674418604651
44	3.18181818181818
45	3.11111111111111
46	3.47826086956522
47	3.14893617021277
48	3
49	2.93877551020408
50	3.44
51	3.37254901960784
52	3
53	3.39622641509434
54	3.18518518518519
55	2.98181818181818
56	2.71428571428571
57	3.08771929824561
58	3.10344827586207
59	3.11864406779661
60	3.13333333333333
61	3.34426229508197
62	3.35483870967742
63	2.92063492063492
64	3.0625
65	2.95384615384615
66	3.15151515151515
67	3.46268656716418
68	3.17647058823529
69	3.47826086956522
70	2.97142857142857
71	3.2112676056338
72	3.22222222222222
73	3.23287671232877
74	3.02702702702703
75	2.98666666666667
76	3.21052631578947
77	3.32467532467532
78	3.23076923076923
79	3.08860759493671
80	3.3
81	2.96296296296296
82	3.17073170731707
83	3.13253012048193
84	3.33333333333333
85	3.10588235294118
86	3.11627906976744
87	2.94252873563218
88	3.18181818181818
89	2.92134831460674
90	3.33333333333333
91	3.25274725274725
92	3.17391304347826
93	3.13978494623656
94	3.1063829787234
95	2.86315789473684
96	2.875
97	3.09278350515464
98	3.10204081632653
99	2.86868686868687
100	3.28
101	3.20792079207921
102	3.41176470588235
103	2.9126213592233
104	3.07692307692308
105	3.23809523809524
106	2.86792452830189
107	2.80373831775701
108	3.2962962962963
109	3.26605504587156
110	3.38181818181818
111	3.20720720720721
112	3.21428571428571
113	3.00884955752212
114	3.08771929824561
115	3.30434782608696
116	3
117	3.24786324786325
118	2.98305084745763
119	2.99159663865546
120	3
121	3.27272727272727
122	3.11475409836066
123	3.21951219512195
124	3.19354838709677
125	2.976
126	2.98412698412698
127	3.33858267716535
128	3.15625
129	3.16279069767442
130	3.2
131	3.02290076335878
132	3.12121212121212
133	3.09774436090226
134	3.13432835820896
135	3.28888888888889
136	3.26470588235294
137	2.86131386861314
138	3.39130434782609
139	3.19424460431655
140	2.97142857142857
141	3.12056737588652
142	3.15492957746479
143	3.24475524475524
144	3.22222222222222
145	3.08965517241379
146	2.98630136986301
147	3.15646258503401
148	3.13513513513514
149	3.03355704697987
150	2.8
151	3.04635761589404
152	3.23684210526316
153	3.11111111111111
154	3.22077922077922
155	3.2258064516129
156	2.82051282051282
157	3.10828025477707
158	3.13924050632911
159	3.11949685534591
160	3.3
161	3.22981366459627
162	3.35802469135802
163	3.19018404907975
164	3.19512195121951
165	3.24848484848485
166	3.1566265060241
167	3.1377245508982
168	3.26190476190476
169	3.14792899408284
170	3.17647058823529
171	3.1812865497076
172	3.04651162790698
173	3.16763005780347
174	3.19540229885057
175	3.24571428571429
176	3.04545454545455
177	3.11864406779661
178	3.25842696629213
179	3.19553072625698
180	3.08888888888889
181	3.38121546961326
182	3.07692307692308
183	3.06010928961749
184	3.23913043478261
185	2.98378378378378
186	3.03225806451613
187	3.08021390374332
188	3
189	2.96296296296296
190	3.11578947368421
191	3.41361256544503
192	3.1875
193	3.19170984455959
194	3.09278350515464
195	3.03589743589744
196	2.85714285714286
197	3.30964467005076
198	3.29292929292929
199	2.91457286432161
200	3.08
201	3.2636815920398
202	3.16831683168317
203	3.2512315270936
204	3.29411764705882
205	3.2780487804878
206	3.39805825242718
207	3.1304347826087
208	3.21153846153846
209	3.13875598086124
210	3.08571428571429
211	3.29857819905213
212	3.16981132075472
213	3.02347417840376
214	3.14018691588785
215	2.93953488372093
216	3.25925925925926
217	3.07834101382488
218	3.15596330275229
219	2.97716894977169
220	3.29090909090909
221	3.29411764705882
222	3.11711711711712
223	3.12107623318386
224	2.98214285714286
225	3.21777777777778
226	3.09734513274336
227	3.10132158590308
228	3.08771929824561
229	3.37117903930131
230	3.14782608695652
231	3.0995670995671
232	3.01724137931034
233	3.31330472103004
234	2.90598290598291
235	3.37021276595745
236	3.30508474576271
237	3.0210970464135
238	3.32773109243697
239	3.17991631799163
240	3.03333333333333
241	3.13692946058091
242	3.32231404958678
243	3.04526748971193
244	3.26229508196721
245	2.90612244897959
246	2.99186991869919
247	3.12550607287449
248	3.20967741935484
249	3.30923694779116
250	3.136
251	3.0597609561753
252	3
253	3.19367588932806
254	3.11811023622047
255	3.15294117647059
256	3.421875
257	2.9727626459144
258	3.08527131782946
259	3.36679536679537
260	3
261	3.03448275862069
262	2.91603053435115
263	3.22433460076046
264	3.06060606060606
265	3.09433962264151
266	2.90225563909774
267	3.04119850187266
268	3.17910447761194
269	3.19702602230483
270	3.05185185185185
271	3.02583025830258
272	3.11764705882353
273	3.17948717948718
274	3.27007299270073
275	2.95272727272727
276	3.18840579710145
277	3.04693140794224
278	3.28057553956835
279	3.12544802867384
280	3.24285714285714
281	3.11743772241993
282	3.21985815602837
283	3.18021201413428
284	3.25352112676056
285	3.2
286	3.11888111888112
287	3.0383275261324
288	3.01388888888889
289	3.03114186851211
290	3.21379310344828
291	3.20274914089347
292	3.08219178082192
293	3.3037542662116
294	3.17006802721088
295	3.05084745762712
296	3.09459459459459
297	3.16498316498316
298	3.02013422818792
299	3.15719063545151
300	3.25333333333333
301	3.22923588039867
302	3.07284768211921
303	3.19471947194719
304	3.11842105263158
305	3.21311475409836
306	3.28104575163399
307	3.20521172638436
308	3.11688311688312
309	3.21035598705502
310	3.14838709677419
311	3.09967845659164
312	3.03846153846154
313	3.22044728434505
314	3.17197452229299
315	3.12380952380952
316	3.25316455696203
317	3.25552050473186
318	3.20754716981132
319	3.12225705329154
320	3.1
321	3.17757009345794
322	3.1304347826087
323	3.13312693498452
324	3.08641975308642
325	3.12615384615385
326	3.20245398773006
327	3.217125382263
328	3.19512195121951
329	3.03951367781155
330	3.09090909090909
331	2.99697885196375
332	3.21686746987952
333	2.84684684684685
334	3.24550898203593
335	3.25970149253731
336	3.21428571428571
337	3.21661721068249
338	3.05325443786982
339	2.90265486725664
340	3.07058823529412
341	3.2258064516129
342	3.04093567251462
343	3.13702623906706
344	2.96511627906977
345	3.18840579710145
346	3.16763005780347
347	3.10086455331412
348	3.26436781609195
349	3.06017191977077
350	3.23428571428571
351	3.19088319088319
352	3.21590909090909
353	3.09348441926346
354	3.1638418079096
355	3.32394366197183
356	3.1123595505618
357	3.24929971988796
358	2.99441340782123
359	3.25348189415042
360	3.14444444444444
361	3.09141274238227
362	3.0939226519337
363	3.04132231404959
364	3.17582417582418
365	3.2986301369863
366	3.2896174863388
367	3.07356948228883
368	3.07608695652174
369	3.1869918699187
370	3.02702702702703
371	3.0188679245283
372	3.17204301075269
373	3.02412868632708
374	3.05882352941176
375	3.008
376	3.25531914893617
377	3.23607427055703
378	2.98412698412698
379	3.26121372031662
380	3.18947368421053
381	3.04461942257218
382	3.10994764397906
383	3.19582245430809
384	3.22916666666667
385	3.08571428571429
386	3.05699481865285
387	2.97674418604651
388	3.12371134020619
389	3.18766066838046
390	3.11794871794872
391	3.27365728900256
392	3.05102040816327
393	3.16539440203562
394	3.14720812182741
395	3.10886075949367
396	3.17171717171717
397	3.24433249370277
398	3.07537688442211
399	3.16791979949875
400	3.18
401	3.10224438902743
402	3.08457711442786
403	3.35483870967742
404	3.22772277227723
405	3.12098765432099
406	3.12315270935961
407	3.08599508599509
408	3.00980392156863
409	3.13936430317848
410	3.25853658536585
411	3.11435523114355
412	3.2621359223301
413	3.08958837772397
414	3.14975845410628
415	3.13253012048193
416	3.09615384615385
417	3.27098321342926
418	3.11004784688995
419	3.21718377088306
420	3.24761904761905
421	3.01187648456057
422	3.36492890995261
423	3.12056737588652
424	3.10377358490566
425	3.05882352941176
426	3.14553990610329
427	3.10070257611241
428	3.10280373831776
429	3.12354312354312
430	3.16279069767442
431	3.16473317865429
432	3.21296296296296
433	3.23325635103926
434	3.05069124423963
435	3.01609195402299
436	3.13761467889908
437	3.22196796338673
438	3.15068493150685
439	3.125284738041
440	3.18181818181818
441	3.14739229024943
442	3.14027149321267
443	3.17832957110609
444	3.20720720720721
445	3.02921348314607
446	3.23766816143498
447	2.99776286353468
448	3.08035714285714
449	3.0022271714922
450	3.06666666666667
451	3.09534368070953
452	3.24778761061947
453	3.19646799116998
454	3.15418502202643
455	3.24395604395604
456	3.20175438596491
457	3.15973741794311
458	3.19650655021834
459	3.06753812636166
460	3.01739130434783
461	3.10629067245119
462	3.16883116883117
463	2.99784017278618
464	3.25862068965517
465	3.19139784946237
466	3.08154506437768
467	3.09207708779443
468	3.22222222222222
469	3.20682302771855
470	3.11489361702128
471	3.07430997876858
472	3.28813559322034
473	3.19661733615222
474	3.17299578059072
475	2.99789473684211
476	3.15126050420168
477	3.20335429769392
478	3.14644351464435
479	3.10647181628392
480	3.16666666666667
481	3.16839916839917
482	2.99585062240664
483	3.14699792960663
484	3.16528925619835
485	3.03505154639175
486	3.07818930041152
487	3.08008213552361
488	3.31147540983607
489	3.10838445807771
490	3.09387755102041
491	3.11201629327902
492	3.1219512195122
493	3.05070993914807
494	3.17408906882591
495	3.23232323232323
496	3.14516129032258
497	3.06639839034205
498	3.1004016064257
499	3.15831663326653
500	3.192
501	3.20958083832335
502	2.9402390438247
503	3.26838966202783
504	3.03174603174603
505	3.2
506	3.11462450592885
507	2.98224852071006
508	3.23622047244094
509	3.22986247544204
510	3.01176470588235
511	3.06066536203523
512	3.140625
513	3.16569200779727
514	3.13618677042802
515	3.0368932038835
516	3.10077519379845
517	3.18762088974855
518	3.11196911196911
519	3.12138728323699
520	3.08461538461538
521	3.14779270633397
522	3.14942528735632
523	3.20458891013384
524	3.05343511450382
525	3.2
526	3.17110266159696
527	3.04364326375712
528	3.12878787878788
529	3.10775047258979
530	3.27547169811321
531	3.10357815442561
532	3.08270676691729
533	3.0844277673546
534	3.19101123595506
535	3.14766355140187
536	3.16417910447761
537	3.20297951582868
538	3.13011152416357
539	3.16883116883117
540	3.16296296296296
541	3.14232902033272
542	3.21033210332103
543	3.04972375690608
544	3.18382352941176
545	3.22935779816514
546	3.03296703296703
547	3.14442413162706
548	3.13138686131387
549	3.19125683060109
550	3.21454545454545
551	3.16515426497278
552	3.16666666666667
553	2.98010849909584
554	3.09747292418773
555	3.06306306306306
556	3.2158273381295
557	3.11669658886894
558	3.05376344086022
559	3.16994633273703
560	3.05714285714286
561	3.12299465240642
562	3.04626334519573
563	3.19715808170515
564	3.13475177304965
565	3.07256637168142
566	3.18021201413428
567	3.04056437389771
568	3.08450704225352
569	3.10720562390158
570	3.17894736842105
571	3.05429071803853
572	3.06293706293706
573	3.17626527050611
574	3.1219512195122
575	3.12347826086957
576	3.10416666666667
577	3.09878682842288
578	3.20415224913495
579	3.15025906735751
580	3.08965517241379
581	3.04991394148021
582	3.19587628865979
583	3.10806174957118
584	3.1027397260274
585	3.01538461538462
586	3.13310580204778
587	2.99829642248722
588	3.12244897959184
589	3.02886247877759
590	3.27457627118644
591	3.18781725888325
592	3.14189189189189
593	3.1433389544688
594	3.17171717171717
595	3.1327731092437
596	3.24832214765101
597	3.14237855946399
598	3.1304347826087
599	3.23205342237062
600	3.14666666666667
601	3.08818635607321
602	3.06312292358804
603	3.1044776119403
604	3.11258278145695
605	3.13388429752066
606	3.22772277227723
607	3.07084019769357
608	3.08552631578947
609	3.11986863711002
610	3.2655737704918
611	3.02454991816694
612	3.18300653594771
613	3.17128874388255
614	3.12703583061889
615	3.1739837398374
616	3.07142857142857
617	3.19611021069692
618	3.21035598705502
619	3.11470113085622
620	3.14838709677419
621	3.09178743961353
622	3.2475884244373
623	3.08828250401284
624	3.09615384615385
625	3.1552
626	3.00319488817891
627	3.09409888357257
628	3.03184713375796
629	3.19236883942766
630	3.06031746031746
631	3.2202852614897
632	3.17088607594937
633	3.15323854660348
634	3.1608832807571
635	3.18740157480315
636	3.14465408805031
637	3.14599686028257
638	3.18495297805643
639	3.14241001564945
640	3.2
641	3.04524180967239
642	3.14641744548287
643	3.12286158631415
644	3.09937888198758
645	3.14418604651163
646	3.10216718266254
647	3.0726429675425
648	3.09876543209877
649	3.06317411402157
650	3.08923076923077
651	3.26881720430108
652	3.13496932515337
653	3.25880551301685
654	3.03975535168196
655	3.07786259541985
656	3.13414634146341
657	3.08675799086758
658	3.14285714285714
659	3.18057663125948
660	3.21212121212121
661	3.07413010590015
662	3.11178247734139
663	3.13725490196078
664	3.08433734939759
665	3.21203007518797
666	3.23123123123123
667	3.17241379310345
668	3.17964071856287
669	3.1270553064275
670	3.0865671641791
671	3.20119225037258
672	3.18452380952381
673	3.16196136701337
674	3.13946587537092
675	3.13481481481481
676	3.11242603550296
677	3.11964549483013
678	3.16814159292035
679	3.12223858615611
680	3.15294117647059
681	3.08957415565345
682	3.09677419354839
683	3.09809663250366
684	3.05847953216374
685	3.16496350364964
686	3.21282798833819
687	3.17903930131004
688	3.18604651162791
689	3.05950653120464
690	3.07246376811594
691	3.12011577424023
692	3.14450867052023
693	3.12842712842713
694	3.19884726224784
695	3.2
696	3.22413793103448
697	3.1219512195122
698	3.05444126074499
699	3.08440629470672
700	3.10857142857143
701	3.16690442225392
702	3.12250712250712
703	3.16927453769559
704	3.11931818181818
705	3.13758865248227
706	3.07648725212465
707	3.1966053748232
708	3.1638418079096
709	3.17066290550071
710	3.1830985915493
711	3.14486638537271
712	3.08988764044944
713	3.25946704067321
714	3.09803921568627
715	3.10489510489511
716	3.08938547486034
717	3.09623430962343
718	3.11977715877437
719	3.14881780250348
720	3.18888888888889
721	3.20665742024965
722	3.16343490304709
723	3.27524204702628
724	3.12707182320442
725	3.26068965517241
726	3.12947658402204
727	3.15818431911967
728	3.14835164835165
729	3.22633744855967
730	3.17808219178082
731	3.25581395348837
732	3.24043715846995
733	3.25238744884038
734	3.02452316076294
735	3.09115646258503
736	3.21739130434783
737	3.16417910447761
738	3.21409214092141
739	3.13937753721245
740	3.13513513513514
741	3.10391363022942
742	3.17520215633423
743	3.19246298788694
744	3.15591397849462
745	3.15704697986577
746	3.09383378016086
747	3.14323962516734
748	3.10695187165775
749	3.1562082777036
750	3.17333333333333
751	3.14247669773635
752	2.98404255319149
753	2.93758300132802
754	3.20424403183024
755	3.00927152317881
756	3.21693121693122
757	3.07529722589168
758	3.19261213720317
759	3.05138339920949
760	3.08947368421053
761	3.22207621550591
762	3.18110236220472
763	3.19790301441678
764	3.10471204188482
765	3.28888888888889
766	3.11749347258486
767	3.13428943937418
768	3.09375
769	3.15214564369311
770	3.19480519480519
771	3.09208819714656
772	3.29015544041451
773	3.14618369987063
774	3.1937984496124
775	3.14322580645161
776	3.21134020618557
777	3.1042471042471
778	3.09511568123393
779	3.18870346598203
780	3.12820512820513
781	3.17029449423816
782	3.12020460358056
783	3.11111111111111
784	3.1734693877551
785	3.13375796178344
786	3.09923664122137
787	3.1715374841169
788	3.17258883248731
789	3.24968314321926
790	3.09367088607595
791	3.0543615676359
792	3.07070707070707
793	3.17276166456494
794	3.14357682619647
795	3.06918238993711
796	3.14572864321608
797	3.11166875784191
798	3.06766917293233
799	3.18397997496871
800	3.18
801	3.16604244694132
802	3.21695760598504
803	3.15815691158157
804	3.11940298507463
805	3.2
806	3.06699751861042
807	3.1276332094176
808	3.10891089108911
809	3.14462299134734
810	3.01234567901235
811	3.14180024660912
812	3.04433497536946
813	3.12423124231242
814	3.15479115479115
815	3.14601226993865
816	3.20588235294118
817	3.14320685434517
818	3.20293398533007
819	3.16483516483516
820	3.06341463414634
821	3.27405602923264
822	3.15815085158151
823	3.11057108140948
824	3.18932038834951
825	3.13212121212121
826	3.16707021791768
827	3.12454655380895
828	3.14975845410628
829	3.07358262967431
830	3.09879518072289
831	3.09025270758123
832	3.125
833	3.07803121248499
834	3.09352517985611
835	3.20479041916168
836	3.11004784688995
837	3.221027479092
838	3.12171837708831
839	3.07508939213349
840	3.1047619047619
841	3.24851367419738
842	3.19239904988124
843	3.27876631079478
844	3.11374407582938
845	3.09585798816568
846	3.07328605200946
847	3.19244391971665
848	3.2122641509434
849	3.20848056537102
850	3.15764705882353
851	3.09283196239718
852	3.15023474178404
853	3.1137162954279
854	3.03512880562061
855	3.11111111111111
856	3.10747663551402
857	3.22053675612602
858	3.0955710955711
859	3.16181606519208
860	3.10697674418605
861	3.06620209059233
862	3.18793503480278
863	3.22595596755504
864	3.11111111111111
865	3.22312138728324
866	3.08545034642032
867	3.11880046136101
868	3.14746543778802
869	3.17606444188723
870	3.20459770114943
871	3.04018369690011
872	3.07798165137615
873	3.12943871706758
874	3.24485125858124
875	3.12685714285714
876	3.19634703196347
877	3.22006841505131
878	3.11617312072893
879	3.21729237770193
880	3.24545454545455
881	3.19182746878547
882	3.16553287981859
883	3.17100792751982
884	3.09954751131222
885	3.05988700564972
886	3.13318284424379
887	3.19729425028185
888	3.21621621621622
889	3.1496062992126
890	3.15505617977528
891	3.15151515151515
892	3.21973094170404
893	3.09518477043673
894	3.16331096196868
895	3.1195530726257
896	3.05803571428571
897	3.11259754738016
898	3.20712694877506
899	3.15461624026696
900	3.20888888888889
901	3.15649278579356
902	3.17960088691796
903	3.17165005537099
904	3.08849557522124
905	3.14254143646409
906	3.26269315673289
907	3.16207276736494
908	3.1057268722467
909	3.09350935093509
910	3.12087912087912
911	3.14379802414929
912	3.1140350877193
913	3.1631982475356
914	3.13785557986871
915	3.13879781420765
916	3.09170305676856
917	3.09269356597601
918	3.14596949891068
919	3.13819368879217
920	3.10434782608696
921	3.12269272529859
922	3.2060737527115
923	3.19393282773564
924	3.22510822510823
925	3.10486486486486
926	3.13606911447084
927	3.25782092772384
928	3.12068965517241
929	3.15177610333692
930	3.23440860215054
931	3.12781954887218
932	3.18884120171674
933	3.10396570203644
934	3.13918629550321
935	3.26844919786096
936	3.11965811965812
937	3.24439701173959
938	3.12579957356077
939	3.15228966986155
940	3.19148936170213
941	3.06907545164718
942	3.20169851380042
943	3.19406150583245
944	3.06779661016949
945	3.22539682539683
946	3.17970401691332
947	3.10031678986272
948	3.15189873417722
949	3.17808219178082
950	3.08210526315789
951	3.28916929547844
952	3.15546218487395
953	3.14795383001049
954	3.16142557651992
955	3.12879581151832
956	3.10460251046025
957	3.15987460815047
958	3.1231732776618
959	3.09489051094891
960	3.1
961	3.105098855359
962	3.02702702702703
963	3.10280373831776
964	3.17427385892116
965	3.13782383419689
966	3.11801242236025
967	3.14788004136505
968	3.06611570247934
969	3.14963880288958
970	3.08865979381443
971	3.06076210092688
972	3.13991769547325
973	3.1983556012333
974	3.15811088295688
975	3.1425641025641
976	3.13114754098361
977	3.23848515864893
978	3.06748466257669
979	3.25638406537283
980	3.0734693877551
981	3.09072375127421
982	3.17718940936864
983	3.15768056968464
984	3.17479674796748
985	3.11472081218274
986	3.0709939148073
987	3.00303951367781
988	3.22672064777328
989	3.21941354903943
990	3.15151515151515
991	3.16044399596367
992	3.21370967741935
993	3.202416918429
994	3.16297786720322
995	3.1678391959799
996	3.12449799196787
997	3.08525576730191
998	3.1623246492986
999	3.003003003003
1000	3.156
1001	3.2007992007992
1002	3.03792415169661
1003	3.10269192422732
1004	3.20318725099602
1005	3.20398009950249
1006	3.13717693836978
1007	3.17378351539225
1008	3.1468253968254
1009	3.16352824578791
1010	3.12871287128713
1011	3.18100890207715
1012	3.10276679841897
1013	3.1431391905232
1014	3.19132149901381
1015	3.07389162561576
1016	3.15748031496063
1017	3.1701081612586
1018	3.13163064833006
1019	3.05004906771344
1020	3.06666666666667
1021	3.14201762977473
1022	3.13111545988258
1023	3.0772238514174
1024	3.1484375
1025	3.09853658536585
1026	3.09941520467836
1027	3.14703018500487
1028	3.17898832684825
1029	3.17589893100097
1030	3.15339805825243
1031	3.16973811833172
1032	3.24418604651163
1033	3.18296224588577
1034	3.13346228239845
1035	3.23478260869565
1036	3.1042471042471
1037	3.11668273866924
1038	3.20231213872832
1039	3.18383060635226
1040	3.18846153846154
1041	3.04322766570605
1042	3.17850287907869
1043	3.14860977948226
1044	3.20306513409962
1045	3.1311004784689
1046	3.10133843212237
1047	3.07163323782235
1048	3.12977099236641
1049	3.10009532888465
1050	3.14285714285714
1051	3.07897240723121
1052	3.14068441064639
1053	3.21367521367521
1054	3.03984819734345
1055	3.16208530805687
1056	3.10227272727273
1057	3.07284768211921
1058	3.14933837429112
1059	3.08215297450425
1060	3.08301886792453
1061	3.05749293119698
1062	3.18267419962335
1063	3.07055503292568
1064	3.15789473684211
1065	3.1887323943662
1066	3.14071294559099
1067	3.05529522024367
1068	3.15355805243446
1069	3.16931711880262
1070	3.14392523364486
1071	3.1671335200747
1072	3.12313432835821
1073	3.20596458527493
1074	3.21415270018622
1075	3.21116279069767
1076	3.17843866171004
1077	3.19777158774373
1078	3.1873840445269
1079	3.09545875810936
1080	3.18518518518519
1081	3.18223866790009
1082	3.1460258780037
1083	3.25023084025854
1084	3.07380073800738
1085	3.03778801843318
1086	3.14548802946593
1087	3.10579576816927
1088	3.14705882352941
1089	3.10376492194674
1090	3.11559633027523
1091	3.09440879926673
1092	3.12820512820513
1093	3.14364135407136
1094	3.08957952468007
1095	3.18538812785388
1096	3.13503649635036
1097	3.14676390154968
1098	3.20582877959927
1099	3.13011828935396
1100	3.12363636363636
1101	3.14623069936421
1102	3.05989110707804
1103	3.02810516772439
1104	3.1268115942029
1105	3.17828054298643
1106	3.25497287522604
1107	3.11833785004517
1108	3.09386281588448
1109	3.09828674481515
1110	3.14234234234234
1111	3.18631863186319
1112	3.18345323741007
1113	3.04761904761905
1114	3.11310592459605
1115	3.19282511210762
1116	3.17921146953405
1117	3.22649955237243
1118	3.04114490161002
1119	3.14924039320822
1120	3.11071428571429
1121	3.1757359500446
1122	3.19073083778966
1123	3.15227070347284
1124	3.13167259786477
1125	3.17866666666667
1126	3.14031971580817
1127	3.1907719609583
1128	3.04609929078014
1129	3.04340124003543
1130	3.12566371681416
1131	3.19009725906278
1132	3.24381625441696
1133	3.12091791703442
1134	3.12169312169312
1135	3.14361233480176
1136	3.10915492957746
1137	3.24714160070361
1138	3.18453427065026
1139	3.17822651448639
1140	3.1859649122807
1141	3.14110429447853
1142	3.12784588441331
1143	3.12160979877515
1144	3.16083916083916
1145	3.13362445414847
1146	3.20069808027923
1147	3.21883173496077
1148	3.05574912891986
1149	3.09138381201044
1150	3.15826086956522
1151	3.18331885317116
1152	3.18055555555556
1153	3.13963573287077
1154	3.16464471403813
1155	3.11688311688312
1156	3.23875432525952
1157	3.15643906655143
1158	3.05354058721934
1159	3.15444348576359
1160	3.17931034482759
1161	3.18001722652885
1162	3.22203098106713
1163	3.13671539122958
1164	3.14776632302405
1165	3.03175965665236
1166	3.10463121783877
1167	3.13624678663239
1168	3.16780821917808
1169	3.13088109495295
1170	3.13504273504274
1171	3.15627668659266
1172	3.1740614334471
1173	3.15771526001705
1174	3.15161839863714
1175	3.13872340425532
1176	3.10884353741497
1177	3.16397621070518
1178	3.18166383701188
1179	3.20949957591179
1180	3.08813559322034
1181	3.14987298899238
1182	3.14720812182741
1183	3.19864750633981
1184	3.15878378378378
1185	3.20675105485232
1186	3.07251264755481
1187	3.1541701769166
1188	3.13804713804714
1189	3.1623212783852
1190	3.05546218487395
1191	3.14357682619647
1192	3.08053691275168
1193	3.12154233025985
1194	3.0251256281407
1195	3.11966527196653
1196	3.14715719063545
1197	3.0843776106934
1198	3.14524207011686
1199	3.1326105087573
1200	3.13333333333333
1201	3.15736885928393
1202	3.12146422628952
1203	3.14214463840399
1204	3.08637873754153
1205	3.13029045643154
1206	3.17744610281924
1207	3.14498757249379
1208	3.15894039735099
1209	3.17617866004963
1210	3.13057851239669
1211	3.14781172584641
1212	3.12211221122112
1213	3.11953833470734
1214	3.07742998352554
1215	3.19012345679012
1216	3.11184210526316
1217	3.13557929334429
1218	3.17241379310345
1219	3.17309269893355
1220	3.10819672131148
1221	3.13841113841114
1222	3.10310965630115
1223	3.07113654946852
1224	3.10130718954248
1225	3.1934693877551
1226	3.20065252854812
1227	3.16218418907905
1228	3.28664495114007
1229	3.17656631407649
1230	3.07642276422764
1231	3.06092607636068
1232	3.0974025974026
1233	3.0786699107867
1234	3.10210696920583
1235	3.12874493927126
1236	3.16828478964401
1237	3.11721907841552
1238	3.21163166397415
1239	3.17675544794189
1240	3.16774193548387
1241	3.05882352941176
1242	3.2109500805153
1243	3.17296862429606
1244	3.16077170418006
1245	3.18393574297189
1246	3.16211878009631
1247	3.16279069767442
1248	3.10576923076923
1249	3.1128903122498
1250	3.056
1251	3.13029576338929
1252	3.08626198083067
1253	3.2146847565842
1254	3.15151515151515
1255	3.08844621513944
1256	3.1656050955414
1257	3.08671439936356
1258	3.08426073131955
1259	3.07545671167593
1260	3.13650793650794
1261	3.20063441712926
1262	3.17591125198098
1263	3.16389548693587
1264	3.18987341772152
1265	3.1399209486166
1266	3.2480252764613
1267	3.13812154696133
1268	3.0788643533123
1269	3.17415287628054
1270	3.19370078740157
1271	3.12824547600315
1272	3.15094339622642
1273	3.13275726630008
1274	3.13657770800628
1275	3.04941176470588
1276	3.15987460815047
1277	3.09162098668755
1278	3.13615023474178
1279	3.24003127443315
1280	3.146875
1281	3.15066354410617
1282	3.08580343213729
1283	3.10210444271239
1284	3.10280373831776
1285	3.1875486381323
1286	3.15396578538103
1287	3.12043512043512
1288	3.08074534161491
1289	3.17455391776571
1290	3.15038759689922
1291	3.12316034082107
1292	3.08978328173375
1293	3.1430781129157
1294	3.16537867078825
1295	3.15057915057915
1296	3.10493827160494
1297	3.13646877409406
1298	3.1617873651772
1299	3.21785989222479
1300	3.14153846153846
1301	3.09300538047656
1302	3.12135176651306
1303	3.22026093630084
1304	3.06748466257669
1305	3.1816091954023
1306	3.16385911179173
1307	3.14919663351186
1308	3.13149847094801
1309	3.15355233002292
1310	3.18778625954198
1311	3.09992372234935
1312	3.20731707317073
1313	3.19268849961919
1314	3.11415525114155
1315	3.20304182509506
1316	3.09422492401216
1317	3.11921032649962
1318	3.07132018209408
1319	3.15087187263078
1320	3.2
1321	3.13398940196821
1322	3.16490166414523
1323	3.19879062736206
1324	3.15407854984894
1325	3.22415094339623
1326	3.18853695324284
1327	3.16804822908817
1328	3.21686746987952
1329	3.21143717080512
1330	3.16992481203008
1331	3.12847483095417
1332	3.07807807807808
1333	3.18679669917479
1334	3.19640179910045
1335	3.18801498127341
1336	3.13473053892216
1337	3.1413612565445
1338	3.08520179372197
1339	3.17251680358476
1340	3.1044776119403
1341	3.15287099179717
1342	3.17734724292101
1343	3.15711094564408
1344	3.16666666666667
1345	3.13754646840149
1346	3.08766716196137
1347	3.14179658500371
1348	3.16023738872404
1349	3.18458117123795
1350	3.08740740740741
1351	3.00814211695041
1352	3.06804733727811
1353	3.12490761271249
1354	3.07828655834564
1355	3.07011070110701
1356	3.12684365781711
1357	3.05084745762712
1358	3.20471281296024
1359	3.13171449595291
1360	3.14705882352941
1361	3.09478324761205
1362	3.16299559471366
1363	3.06676449009538
1364	3.09384164222874
1365	3.15018315018315
1366	3.14787701317716
1367	3.19239209948793
1368	3.19590643274854
1369	3.24324324324324
1370	3.15328467153285
1371	3.05762217359592
1372	3.16034985422741
1373	3.16387472687546
1374	3.09752547307132
1375	3.19127272727273
1376	3.18313953488372
1377	3.06753812636166
1378	3.16690856313498
1379	3.0572878897752
1380	3.20579710144928
1381	3.15423606082549
1382	3.17800289435601
1383	3.14389009399855
1384	3.1242774566474
1385	3.09314079422383
1386	3.14862914862915
1387	3.15789473684211
1388	3.15850144092219
1389	3.19942404607631
1390	3.07338129496403
1391	3.10280373831776
1392	3.19827586206897
1393	3.13280689160086
1394	3.14203730272597
1395	3.04229390681004
1396	3.06876790830946
1397	3.09520400858984
1398	3.06723891273248
1399	3.22516082916369
1400	3.13428571428571
1401	3.12348322626695
1402	3.08131241084165
1403	3.08766928011404
1404	3.07122507122507
1405	2.98078291814947
1406	3.05832147937411
1407	3.1499644633973
1408	3.1875
1409	3.11426543647977
1410	3.21985815602837
1411	3.04464918497519
1412	3.15297450424929
1413	3.15357395612173
1414	3.1004243281471
1415	3.04452296819788
1416	3.09887005649718
1417	3.22088920254058
1418	3.11424541607898
1419	3.13178294573643
1420	3.16619718309859
1421	3.09641097818438
1422	3.15330520393812
1423	3.14265635980323
1424	3.14887640449438
1425	3.1719298245614
1426	3.11921458625526
1427	3.25718290119131
1428	3.10644257703081
1429	3.12666200139958
1430	3.16363636363636
1431	3.11390635918938
1432	3.13966480446927
1433	3.15980460572226
1434	3.20223152022315
1435	3.1191637630662
1436	3.10306406685237
1437	3.18162839248434
1438	3.15994436717663
1439	3.19666435024322
1440	3.10555555555556
1441	3.15058986814712
1442	3.15950069348128
1443	3.19057519057519
1444	3.19667590027701
1445	3.08650519031142
1446	3.15352697095436
1447	3.13476157567381
1448	3.09116022099448
1449	3.18012422360248
1450	3.14758620689655
1451	3.11233631977946
1452	3.11019283746556
1453	3.13007570543703
1454	3.19119669876204
1455	3.15601374570447
1456	3.20054945054945
1457	3.13520933424846
1458	3.17146776406036
1459	3.17751884852639
1460	3.12054794520548
1461	3.17590691307324
1462	3.17373461012312
1463	3.11688311688312
1464	3.11748633879781
1465	3.12081911262799
1466	3.12141882673943
1467	3.11111111111111
1468	3.14713896457766
1469	3.12593601089176
1470	3.17823129251701
1471	3.13800135961931
1472	3.20923913043478
1473	3.17990495587237
1474	3.12075983717775
1475	3.05627118644068
1476	3.10569105691057
1477	3.2552471225457
1478	3.05006765899865
1479	3.10750507099391
1480	3.18918918918919
1481	3.17083051991897
1482	3.14439946018893
1483	3.17464598786244
1484	3.14016172506739
1485	3.14882154882155
1486	3.16823687752355
1487	3.09078681909886
1488	3.15591397849462
1489	3.16991269308261
1490	3.22953020134228
1491	3.12273641851107
1492	3.18498659517426
1493	3.15070328198259
1494	3.10575635876841
1495	3.11705685618729
1496	3.20588235294118
1497	3.12892451569806
1498	3.11348464619493
1499	3.13275517011341
1500	3.20266666666667
1501	3.15789473684211
1502	3.19041278295606
1503	3.19627411842981
1504	3.13297872340426
1505	3.15747508305648
1506	3.13678618857902
1507	3.1506303915063
1508	3.10079575596817
1509	3.11729622266402
1510	3.1364238410596
1511	3.21641297154203
1512	3.23809523809524
1513	3.1645736946464
1514	3.12813738441215
1515	3.0996699669967
1516	3.19525065963061
1517	3.15622940013184
1518	3.12516469038208
1519	3.02830809743252
1520	3.15526315789474
1521	3.2189349112426
1522	3.11957950065703
1523	3.14379514116875
1524	3.11023622047244
1525	3.14491803278689
1526	3.14023591087811
1527	3.0988867059594
1528	3.15706806282722
1529	3.21255722694572
1530	3.18954248366013
1531	3.08556499020248
1532	3.06266318537859
1533	3.16503587736464
1534	3.13168187744459
1535	3.19739413680782
1536	3.22916666666667
1537	3.13077423552375
1538	3.15994798439532
1539	3.13450292397661
1540	3.15584415584416
1541	3.14860480207657
1542	3.10765239948119
1543	3.20674011665587
1544	3.17098445595855
1545	3.07831715210356
1546	3.16946959896507
1547	3.180349062702
1548	3.09560723514212
1549	3.12459651387992
1550	3.15354838709677
1551	3.16698903932947
1552	3.14175257731959
1553	3.1448808757244
1554	3.11969111969112
1555	3.18199356913183
1556	3.21850899742931
1557	3.17276814386641
1558	3.12965340179718
1559	3.23540731237973
1560	3.15897435897436
1561	3.23382447149263
1562	3.14468629961588
1563	3.05822136916187
1564	3.08695652173913
1565	3.12076677316294
1566	3.15964240102171
1567	3.12444160816847
1568	3.14795918367347
1569	3.11790949649458
1570	3.17707006369427
1571	3.16740929344367
1572	3.15521628498728
1573	3.15575333757152
1574	3.14104193138501
1575	3.14412698412698
1576	3.12690355329949
1577	3.14774889029803
1578	3.14828897338403
1579	3.16402786573781
1580	3.09113924050633
1581	3.06388361796331
1582	3.20606826801517
1583	3.14592545799116
1584	3.16666666666667
1585	3.15457413249211
1586	3.1500630517024
1587	3.18588531821046
1588	3.12594458438287
1589	3.18942731277533
1590	3.12704402515723
1591	3.1703331238215
1592	3.10804020100502
1593	3.1713747645951
1594	3.14930991217064
1595	3.17742946708464
1596	3.10526315789474
1597	3.08077645585473
1598	3.16645807259074
1599	3.16948092557849
1600	3.085
1601	3.14303560274828
1602	3.17353308364544
1603	3.15658140985652
1604	3.1072319201995
1605	3.20249221183801
1606	3.22291407222914
1607	3.12632233976353
1608	3.07462686567164
1609	3.14481044126787
1610	3.14037267080745
1611	3.16821849782744
1612	3.20595533498759
1613	3.14445133292002
1614	3.12515489467162
1615	3.06130030959752
1616	3.12871287128713
1617	3.17377860235003
1618	3.16687268232386
1619	3.17726991970352
1620	3.07901234567901
1621	3.13140037014189
1622	3.15659679408138
1623	3.14232902033272
1624	3.11576354679803
1625	3.16553846153846
1626	3.24723247232472
1627	3.13460356484327
1628	3.18427518427518
1629	3.14057704112953
1630	3.08220858895706
1631	3.17596566523605
1632	3.18627450980392
1633	3.12063686466626
1634	3.22643818849449
1635	3.12905198776758
1636	3.12224938875306
1637	3.17898594990837
1638	3.22832722832723
1639	3.1555826723612
1640	3.18536585365854
1641	3.15904936014625
1642	3.10109622411693
1643	3.11381618989653
1644	3.16058394160584
1645	3.12948328267477
1646	3.17861482381531
1647	3.14025500910747
1648	3.13106796116505
1649	3.21892055791389
1650	3.11030303030303
1651	3.11811023622047
1652	3.16707021791768
1653	3.1264367816092
1654	3.18742442563482
1655	3.13716012084592
1656	3.11111111111111
1657	3.10681955340978
1658	3.14113389626056
1659	3.20675105485232
1660	3.17349397590361
1661	3.11619506321493
1662	3.11432009626955
1663	3.09561034275406
1664	3.08653846153846
1665	3.13993993993994
1666	3.14285714285714
1667	3.14817036592681
1668	3.18465227817746
1669	3.24266027561414
1670	3.23353293413174
1671	3.12866546977858
1672	3.09808612440191
1673	3.11297071129707
1674	3.11111111111111
1675	3.15940298507463
1676	3.1145584725537
1677	3.13416815742397
1678	3.11799761620977
1679	3.18522930315664
1680	3.11904761904762
1681	3.17906008328376
1682	3.15576694411415
1683	3.15626856803327
1684	3.18289786223278
1685	3.13115727002967
1686	3.10083036773428
1687	3.16538233550682
1688	3.17772511848341
1689	3.11426879810539
1690	3.18579881656805
1691	3.12477823772915
1692	3.08747044917258
1693	3.14707619610159
1694	3.15466351829988
1695	3.1976401179941
1696	3.10141509433962
1697	3.09958750736594
1698	3.13309776207303
1699	3.13360800470865
1700	3.16
1701	3.15579071134627
1702	3.12103407755582
1703	3.08866705813271
1704	3.11971830985915
1705	3.1366568914956
1706	3.17702227432591
1707	3.20562390158172
1708	3.17564402810304
1709	3.14569923932124
1710	3.12514619883041
1711	3.20981881940386
1712	3.19859813084112
1713	3.11033274956217
1714	3.11785297549592
1715	3.13236151603499
1716	3.14452214452214
1717	3.13570180547467
1718	3.20139697322468
1719	3.16695753344968
1720	3.06976744186047
1721	3.13538640325392
1722	3.1753774680604
1723	3.22228670922809
1724	3.11136890951276
1725	3.15130434782609
1726	3.15643105446118
1727	3.13375796178344
1728	3.14583333333333
1729	3.16714864083285
1730	3.13063583815029
1731	3.11958405545927
1732	3.1431870669746
1733	3.17599538372764
1734	3.13264129181084
1735	3.13314121037464
1736	3.11290322580645
1737	3.12262521588946
1738	3.07249712313003
1739	3.14203565267395
1740	3.13563218390805
1741	3.12464101091327
1742	3.15499425947187
1743	3.18531267928858
1744	3.11238532110092
1745	3.13123209169054
1746	3.16380297823597
1747	3.18030910131654
1748	3.16704805491991
1749	3.09205260148656
1750	3.15428571428571
1751	3.15933752141633
1752	3.10502283105023
1753	3.18083285795779
1754	3.20410490307868
1755	3.14529914529915
1756	3.14123006833713
1757	3.13033579965851
1758	3.04209328782708
1759	3.15179079022172
1760	3.15227272727273
1761	3.09823963657013
1762	3.09875141884222
1763	3.21724333522405
1764	3.1609977324263
1765	3.2
1766	3.0713476783692
1767	3.15789473684211
1768	3.12217194570136
1769	3.1656302996043
1770	3.10734463276836
1771	3.13946922642575
1772	3.10835214446953
1773	3.07952622673435
1774	3.12514092446449
1775	3.10760563380282
1776	3.17342342342342
1777	3.18514350028137
1778	3.18110236220472
1779	3.14109050028106
1780	3.10786516853933
1781	3.08590679393599
1782	3.11784511784512
1783	3.13404374649467
1784	3.15919282511211
1785	3.27619047619048
1786	3.1444568868981
1787	3.06659205372132
1788	3.1744966442953
1789	3.16154276131917
1790	3.12625698324022
1791	3.10664433277499
1792	3.11383928571429
1793	3.12994980479643
1794	3.17502787068004
1795	3.09972144846797
1796	3.12026726057906
1797	3.13188647746244
1798	3.18576195773081
1799	3.10839355197332
1800	3.18666666666667
1801	3.13825652415325
1802	3.13651498335183
1803	3.10149750415973
1804	3.1019955654102
1805	3.10027700831025
1806	3.22702104097453
1807	3.11676812396237
1808	3.13716814159292
1809	3.12658927584301
1810	3.16022099447514
1811	3.14964108227499
1812	3.19426048565121
1813	3.09542195256481
1814	3.09592061742007
1815	3.10523415977961
1816	3.16519823788546
1817	3.10842047330765
1818	3.13751375137514
1819	3.15557998900495
1820	3.14505494505494
1821	3.20922570016474
1822	3.10428100987925
1823	3.14207350521119
1824	3.14254385964912
1825	3.09260273972603
1826	3.2092004381161
1827	3.12205801860974
1828	3.14442013129103
1829	3.13613996719519
1830	3.16502732240437
1831	3.14363735663572
1832	3.1353711790393
1833	3.13584288052373
1834	3.08396946564885
1835	3.13242506811989
1836	3.13943355119826
1837	3.09853021230267
1838	3.14254624591948
1839	3.11908646003263
1840	3.13478260869565
1841	3.17001629549158
1842	3.1357220412595
1843	3.12099837221921
1844	3.19305856832972
1845	3.11111111111111
1846	3.12242686890574
1847	3.12073632918246
1848	3.16450216450216
1849	3.1887506760411
1850	3.14810810810811
1851	3.17233927606699
1852	3.20302375809935
1853	3.11494873178629
1854	3.15210355987055
1855	3.11374663072776
1856	3.14870689655172
1857	3.14270328486807
1858	3.11087190527449
1859	3.1866594943518
1860	3.08817204301075
1861	3.11875335840946
1862	3.13856068743287
1863	3.18196457326892
1864	3.15450643776824
1865	3.17426273458445
1866	3.10825294748124
1867	3.15372254954472
1868	3.16488222698073
1869	3.15676832530765
1870	3.10160427807487
1871	3.1256012827365
1872	3.12179487179487
1873	3.16070475173518
1874	3.00960512273212
1875	3.1616
1876	3.20255863539446
1877	3.21790090570059
1878	3.17145899893504
1879	3.14422565194252
1880	3.1468085106383
1881	3.16002126528442
1882	3.11583421891605
1883	3.19490175252257
1884	3.1380042462845
1885	3.1236074270557
1886	3.08377518557794
1887	3.0863804981452
1888	3.15466101694915
1889	3.12758073054526
1890	3.16190476190476
1891	3.14119513484929
1892	3.15221987315011
1893	3.12519809825674
1894	3.16578669482577
1895	3.14089709762533
1896	3.19620253164557
1897	3.19662625197681
1898	3.1422550052687
1899	3.09636650868878
1900	3.10315789473684
1901	3.14150447133088
1902	3.15878023133544
1903	3.07304256437204
1904	3.17857142857143
1905	3.13280839895013
1906	3.11227701993704
1907	3.16727844782381
1908	3.15303983228512
1909	3.15348349921425
1910	3.15602094240838
1911	3.09576138147567
1912	3.13807531380753
1913	3.19916361735494
1914	3.10135841170324
1915	3.15822454308094
1916	3.1419624217119
1917	3.06520605112154
1918	3.19082377476538
1919	3.14747264200104
1920	3.15208333333333
1921	3.15460697553358
1922	3.16753381893861
1923	3.17836713468539
1924	3.19334719334719
1925	3.14597402597403
1926	3.12564901349948
1927	3.05552672548002
1928	3.18464730290456
1929	3.16433385173665
1930	3.16062176165803
1931	3.14862765406525
1932	3.10144927536232
1933	3.17847904811174
1934	3.13753877973113
1935	3.17105943152455
1936	3.11570247933884
1937	3.15332989158493
1938	3.17647058823529
1939	3.13769984528107
1940	3.1340206185567
1941	3.12416280267903
1942	3.16374871266735
1943	3.09830159547092
1944	3.15020576131687
1945	3.10745501285347
1946	3.17985611510791
1947	3.14740626605033
1948	3.17248459958932
1949	3.13596716264751
1950	3.08512820512821
1951	3.12045105074321
1952	3.14959016393443
1953	3.10906298003072
1954	3.13203684749232
1955	3.16521739130435
1956	3.21676891615542
1957	3.21716913643332
1958	3.14811031664964
1959	3.19959162838183
1960	3.14489795918367
1961	3.13309535951045
1962	3.17838939857288
1963	3.09730005094243
1964	3.10590631364562
1965	3.1470737913486
1966	3.06612410986775
1967	3.13370615149975
1968	3.07520325203252
1969	3.25647536820721
1970	3.11065989847716
1971	3.10705225773719
1972	3.12576064908722
1973	3.16472377090725
1974	3.1063829787234
1975	3.11493670886076
1976	3.08906882591093
1977	3.09559939301973
1978	3.12032355915066
1979	3.12076806467913
1980	3.14141414141414
1981	3.13175164058556
1982	3.2108980827447
1983	3.10035300050429
1984	3.16935483870968
1985	3.0367758186398
1986	3.19033232628399
1987	3.14242576748868
1988	3.1569416498994
1989	3.08094519859226
1990	3.10552763819095
1991	3.16423907584129
1992	3.13855421686747
1993	3.13095835423984
1994	3.16349047141424
1995	3.15187969924812
1996	3.15831663326653
1997	3.15272909364046
1998	3.13913913913914
1999	3.17958979489745
2000	3.164
2001	3.13243378310845
2002	3.16083916083916
2003	3.12930604093859
2004	3.19161676646707
2005	3.25586034912718
2006	3.12063808574277
2007	3.16691579471849
2008	3.14342629482072
2009	3.17570930811349
2010	3.16019900497512
2011	3.07906514172054
2012	3.08946322067594
2013	3.11177347242921
2014	3.14200595829196
2015	3.15037220843672
2016	3.2202380952381
2017	3.18691125433813
2018	3.07234886025768
2019	3.1421495789995
2020	3.15841584158416
2021	3.08164275111331
2022	3.09594460929772
2023	3.10627780523974
2024	3.11067193675889
2025	3.14074074074074
2026	3.19447186574531
2027	3.05870744943266
2028	3.21104536489152
2029	3.16214884179399
2030	3.11330049261084
2031	3.12161496799606
2032	3.16732283464567
2033	3.10280373831776
2034	3.13077679449361
2035	3.19017199017199
2036	3.16306483300589
2037	3.09671084928817
2038	3.18155053974485
2039	3.16037273173124
2040	3.15294117647059
2041	3.11219990200882
2042	3.13809990205681
2043	3.15614292706804
2044	3.13894324853229
2045	3.119804400978
2046	3.14760508308895
2047	3.12848070346849
2048	3.115234375
2049	3.1469009272816
2050	3.09268292682927
2051	3.13798147245246
2052	3.16569200779727
2053	3.15830491962981
2054	3.21324245374878
2055	3.13187347931873
2056	3.13424124513619
2057	3.1249392318911
2058	3.14285714285714
2059	3.14715881495872
2060	3.05631067961165
2061	3.13245997088792
2062	3.19107662463628
2063	3.1778962675715
2064	3.10271317829457
2065	3.18062953995157
2066	3.11326234269119
2067	3.10788582486696
2068	3.10058027079304
2069	3.09714838086032
2070	3.15169082125604
2071	3.19459198454853
2072	3.13320463320463
2073	3.14905933429812
2074	3.14368370298939
2075	3.12867469879518
2076	3.11946050096339
2077	3.13529128550794
2078	3.09335899903754
2079	3.08994708994709
2080	3.18461538461538
2081	3.09658817876021
2082	3.12776176753122
2083	3.12818050888142
2084	3.11324376199616
2085	3.18273381294964
2086	3.08724832214765
2087	3.10301868711069
2088	3.13793103448276
2089	3.11153662039253
2090	3.1177033492823
2091	3.16594930655189
2092	3.11089866156788
2093	3.19159101767797
2094	3.14231136580707
2095	3.15990453460621
2096	3.1087786259542
2097	3.12637100619933
2098	3.15729265967588
2099	3.13673177703668
2100	3.07238095238095
2101	3.18705378391242
2102	3.18173168411037
2103	3.12505943889681
2104	3.11406844106464
2105	3.13729216152019
2106	3.14909781576448
2107	3.15140009492169
2108	3.08349146110057
2109	3.15979137031769
2110	3.12796208530806
2111	3.1852202747513
2112	3.12878787878788
2113	3.15380974917179
2114	3.09744560075686
2115	3.05626477541371
2116	3.09262759924386
2117	3.22720831365139
2118	3.22379603399433
2119	3.14865502595564
2120	3.17924528301887
2121	3.13248467703913
2122	3.20452403393025
2123	3.09938765897315
2124	3.16007532956686
2125	3.136
2126	3.2173095014111
2127	3.11800658204043
2128	3.15789473684211
2129	3.09441052137154
2130	3.09107981220657
2131	3.17409666823088
2132	3.1031894934334
2133	3.13173933427098
2134	3.16588566073102
2135	3.11381733021077
2136	3.12734082397004
2137	3.12026204960225
2138	3.16183348924228
2139	3.1846657316503
2140	3.13271028037383
2141	3.15553479682391
2142	3.1484593837535
2143	3.15258982734484
2144	3.18283582089552
2145	3.10489510489511
2146	3.06057781919851
2147	3.12435957149511
2148	3.16945996275605
2149	3.16053978594695
2150	3.16093023255814
2151	3.11668991166899
2152	3.13754646840149
2153	3.09335810496981
2154	3.12534818941504
2155	3.15730858468677
2156	3.15769944341373
2157	3.15438108484006
2158	3.16033364226135
2159	3.2292728114868
2160	3.15555555555556
2161	3.1004164738547
2162	3.13783533765032
2163	3.14378178455848
2164	3.15157116451017
2165	3.11870669745958
2166	3.15420129270545
2167	3.03830179972312
2168	3.14206642066421
2169	3.17196864914707
2170	3.12626728110599
2171	3.08613542146476
2172	3.13627992633517
2173	3.17901518637828
2174	3.1113155473781
2175	3.14114942528736
2176	3.10661764705882
2177	3.12723932016537
2178	3.1386593204775
2179	3.09499770536944
2180	3.17247706422018
2181	3.14351215038973
2182	3.22456461961503
2183	3.13696747595053
2184	3.11721611721612
2185	3.17803203661327
2186	3.12717291857274
2187	3.12208504801097
2188	3.16270566727605
2189	3.20146185472819
2190	3.08493150684932
2191	3.10543130990415
2192	3.14051094890511
2193	3.13178294573643
2194	3.13400182315406
2195	3.15808656036446
2196	3.13114754098361
2197	3.18070095584888
2198	3.16651501364877
2199	3.13778990450205
2200	3.16363636363636
2201	3.11313039527488
2202	3.13169845594914
2203	3.13935542442124
2204	3.23411978221416
2205	3.14739229024943
2206	3.14959202175884
2207	3.13004077933847
2208	3.10507246376812
2209	3.10366681756451
2210	3.10226244343891
2211	3.1352329262777
2212	3.17359855334539
2213	3.15228197017623
2214	3.18337850045167
2215	3.09345372460497
2216	3.08303249097473
2217	3.0978800180424
2218	3.13796212804328
2219	3.11671924290221
2220	3.12792792792793
2221	3.14092751013057
2222	3.16651665166517
2223	3.12730544309492
2224	3.17086330935252
2225	3.20539325842697
2226	3.18059299191375
2227	3.15761113605748
2228	3.15619389587074
2229	3.14759982054733
2230	3.15874439461883
2231	3.11967727476468
2232	3.13440860215054
2233	3.15808329601433
2234	3.07788719785139
2235	3.09261744966443
2236	3.21645796064401
2237	3.1721054984354
2238	3.15996425379803
2239	3.10853059401519
2240	3.1
2241	3.11289602855868
2242	3.2149866190901
2243	3.11903700401248
2244	3.14795008912656
2245	3.15723830734967
2246	3.15761353517364
2247	3.11526479750779
2248	3.15658362989324
2249	3.15695864828813
2250	3.13422222222222
2251	3.10617503331853
2252	3.14031971580817
2253	3.14602751886374
2254	3.18722271517303
2255	3.08115299334812
2256	3.18262411347518
2257	3.08728400531679
2258	3.1496899911426
2259	3.11642319610447
2260	3.14690265486726
2261	3.14020344980097
2262	3.14765694076039
2263	3.17277949624392
2264	3.08657243816254
2265	3.17174392935982
2266	3.14739629302736
2267	3.16894574327305
2268	3.1305114638448
2269	3.16967827236668
2270	3.13656387665198
2271	3.11933069132541
2272	3.15669014084507
2273	3.0849098108227
2274	3.16446789797713
2275	3.14021978021978
2276	3.10369068541301
2277	3.14800175669741
2278	3.08516242317823
2279	3.1154014918824
2280	3.15087719298246
2281	3.15826391933363
2282	3.16564417177914
2283	3.1239597021463
2284	3.17863397548161
2285	3.14223194748359
2286	3.09536307961505
2287	3.12199387844338
2288	3.14510489510489
2289	3.15596330275229
2290	3.12489082969432
2291	3.10432125709297
2292	3.18150087260035
2293	3.10859136502399
2294	3.22755013077594
2295	3.09716775599129
2296	3.16202090592334
2297	3.17457553330431
2298	3.17145343777198
2299	3.20835145715528
2300	3.10782608695652
2301	3.12907431551499
2302	3.12771503040834
2303	3.15588363004776
2304	3.23263888888889
2305	3.1531453362256
2306	3.16218560277537
2307	3.15387949718249
2308	3.16984402079723
2309	3.11130359462971
2310	3.23463203463203
2311	3.1311120726958
2312	3.23875432525952
2313	3.20968439256377
2314	3.18236819360415
2315	3.19136069114471
2316	3.12953367875648
2317	3.11091929218817
2318	3.16479723899914
2319	3.18413109098749
2320	3.18620689655172
2321	3.12623869021973
2322	3.15590008613264
2323	3.19586741282824
2324	3.18760757314974
2325	3.17935483870968
2326	3.17798796216681
2327	3.0941125913193
2328	3.16494845360825
2329	3.13782739373122
2330	3.19656652360515
2331	3.10939510939511
2332	3.18696397941681
2333	3.17702528932705
2334	3.17052270779777
2335	3.16916488222698
2336	3.12328767123288
2337	3.12879760376551
2338	3.14798973481608
2339	3.06284737067123
2340	3.15213675213675
2341	3.09953011533533
2342	3.15627668659266
2343	3.15322236448997
2344	3.11262798634812
2345	3.13859275053305
2346	3.14919011082694
2347	3.18023008095441
2348	3.16354344122658
2349	3.17581949765858
2350	3.17957446808511
2351	3.07954062101234
2352	3.13265306122449
2353	3.14492137696558
2354	3.08071367884452
2355	3.14225053078556
2356	3.20033955857385
2357	3.18370810352143
2358	3.10602205258694
2359	3.10131411615091
2360	3.12881355932203
2361	3.14443032613299
2362	3.12785774767146
2363	3.14684722809987
2364	3.11336717428088
2365	3.13742071881607
2366	3.15469146238377
2367	3.17025771018166
2368	3.15878378378378
2369	3.14563106796116
2370	3.1831223628692
2371	3.10923660902573
2372	3.11973018549747
2373	3.18246944795617
2374	3.14069081718618
2375	3.11242105263158
2376	3.13299663299663
2377	3.16365166175852
2378	3.1421362489487
2379	3.12736443883985
2380	3.09915966386555
2381	3.15665686686266
2382	3.11502938706969
2383	3.10029374737726
2384	3.1510067114094
2385	3.13626834381551
2386	3.16345347862531
2387	3.14537075827398
2388	3.14907872696817
2389	3.13101716199247
2390	3.1765690376569
2391	3.1685487243831
2392	3.14214046822742
2393	3.1776013372336
2394	3.10442773600668
2395	3.16826722338205
2396	3.12520868113523
2397	3.20734251147267
2398	3.08757297748123
2399	3.12463526469362
2400	3.11166666666667
2401	3.11703456892961
2402	3.11906744379684
2403	3.09945900957137
2404	3.12645590682196
2405	3.0985446985447
2406	3.16708229426434
2407	3.13751557955962
2408	3.15946843853821
2409	3.15483603154836
2410	3.11535269709544
2411	3.14724180837827
2412	3.2089552238806
2413	3.16121011189391
2414	3.17149958574979
2415	3.20165631469979
2416	3.15066225165563
2417	3.17252792718246
2418	3.15467328370554
2419	3.07565109549401
2420	3.13223140495868
2421	3.14580751755473
2422	3.10982658959538
2423	3.1795295088733
2424	3.11716171617162
2425	3.12907216494845
2426	3.10305028854081
2427	3.16275236918006
2428	3.14662273476112
2429	3.11568546727048
2430	3.12757201646091
2431	3.15919374742904
2432	3.17763157894737
2433	3.09083436087135
2434	3.17502054231717
2435	3.14250513347023
2436	3.16748768472906
2437	3.1103816167419
2438	3.17637407711239
2439	3.13735137351374
2440	3.16885245901639
2441	3.1691929537075
2442	3.1990171990172
2443	3.16496111338518
2444	3.14893617021277
2445	3.10020449897751
2446	3.08258381030253
2447	3.09767061708214
2448	3.08496732026144
2449	3.09840751327072
2450	3.12489795918367
2451	3.156262749898
2452	3.14192495921697
2453	3.10803098247044
2454	3.18663406682967
2455	3.15274949083503
2456	3.13843648208469
2457	3.14529914529915
2458	3.12937347436941
2459	3.18340788938593
2460	3.11707317073171
2461	3.10117838277123
2462	3.1340373679935
2463	3.19285424279334
2464	3.1461038961039
2465	3.15294117647059
2466	3.12246553122466
2467	3.16659910822862
2468	3.09724473257699
2469	3.12353179424868
2470	3.16761133603239
2471	3.17118575475516
2472	3.17152103559871
2473	3.15891629599676
2474	3.13823767178658
2475	3.13858585858586
2476	3.1421647819063
2477	3.16511909568026
2478	3.13801452784504
2479	3.15772488906817
2480	3.15806451612903
2481	3.1825876662636
2482	3.1248992747784
2483	3.10592025775272
2484	3.15619967793881
2485	3.18390342052314
2486	3.12148028962188
2487	3.17330116606353
2488	3.15594855305466
2489	3.16914423463238
2490	3.13574297188755
2491	3.15535929345644
2492	3.1669341894061
2493	3.18170878459687
2494	3.14194065757819
2495	3.16633266533066
2496	3.15384615384615
2497	3.07408890668803
2498	3.1128903122498
2499	3.12284913965586
2500	3.1248
2501	3.16993202718912
2502	3.15587529976019
2503	3.11146624051139
2504	3.185303514377
2505	3.14890219560878
2506	3.17956903431764
2507	3.19744714798564
2508	3.18341307814992
2509	3.09764846552411
2510	3.16494023904382
2511	3.09199522102748
2512	3.13535031847134
2513	3.17071229606049
2514	3.12171837708831
2515	3.15546719681909
2516	3.120826709062
2517	3.08144616607072
2518	3.17235901509134
2519	3.14092894005558
2520	3.14761904761905
2521	3.10829036096787
2522	3.10547184773989
2523	3.09948474038843
2524	3.15530903328051
2525	3.12237623762376
2526	3.11797307996833
2527	3.09774436090226
2528	3.08386075949367
2529	3.17121391854488
2530	3.16837944664032
2531	3.09126827340972
2532	3.16903633491311
2533	3.12356889064351
2534	3.12075769534333
2535	3.15739644970414
2536	3.21293375394322
2537	3.16752069373276
2538	3.17572892040977
2539	3.17762898779047
2540	3.13700787401575
2541	3.1404958677686
2542	3.18489378442172
2543	3.12386944553677
2544	3.10220125786164
2545	3.10726915520629
2546	3.15946582875098
2547	3.14409108755398
2548	3.11459968602826
2549	3.10396233817183
2550	3.11372549019608
2551	3.14386515092121
2552	3.19122257053292
2553	3.08029768899334
2554	3.17306186374315
2555	3.11389432485323
2556	3.15179968701095
2557	3.2225263981228
2558	3.17279124315872
2559	3.10902696365768
2560	3.1484375
2561	3.13471300273331
2562	3.11319281811085
2563	3.20717908700741
2564	3.14820592823713
2565	3.16413255360624
2566	3.15042868277475
2567	3.14141020646669
2568	3.16510903426791
2569	3.20280264694434
2570	3.14863813229572
2571	3.16141579152081
2572	3.1104199066874
2573	3.16517683637777
2574	3.14996114996115
2575	3.11611650485437
2576	3.17080745341615
2577	3.12301125339542
2578	3.12645461598138
2579	3.15936409461031
2580	3.11472868217054
2581	3.16311507167764
2582	3.10921766072812
2583	3.12659698025552
2584	3.1594427244582
2585	3.15976789168279
2586	3.138437741686
2587	3.1542327019714
2588	3.15455950540958
2589	3.14252607184241
2590	3.12895752895753
2591	3.1509069857198
2592	3.20061728395062
2593	3.15001928268415
2594	3.15497301464919
2595	3.15221579961464
2596	3.17257318952234
2597	3.12976511359261
2598	3.11470361816782
2599	3.17045017314352
2600	3.09846153846154
2601	3.14494425221069
2602	3.14527286702537
2603	3.14713791778717
2604	3.19508448540707
2605	3.2383877159309
2606	3.0729086722947
2607	3.12850019179133
2608	3.12269938650307
2609	3.15523188961288
2610	3.13563218390805
2611	3.14055917273075
2612	3.1791730474732
2613	3.13509376195943
2614	3.09257842387146
2615	3.15411089866157
2616	3.14831804281346
2617	3.13030187237295
2618	3.20091673032849
2619	3.16914852997327
2620	3.12519083969466
2621	3.19114841663487
2622	3.11823035850496
2623	3.13686618375905
2624	3.14634146341463
2625	3.11314285714286
2626	3.13632901751714
2627	3.17320137038447
2628	3.07914764079148
2629	3.12057816660327
2630	3.10114068441065
2631	3.12276700874192
2632	3.16717325227964
2633	3.08545385491834
2634	3.12376613515566
2635	3.1180265654649
2636	3.13050075872534
2637	3.10200985968904
2638	3.20242608036391
2639	3.18757104964002
2640	3.11969696969697
2641	3.08368042408179
2642	3.1551854655564
2643	3.19636776390465
2644	3.12556732223903
2645	3.10926275992439
2646	3.11262282690854
2647	3.13864752550057
2648	3.16918429003021
2649	3.19818799546999
2650	3.13207547169811
2651	3.11278762731045
2652	3.14328808446455
2653	3.14210327930645
2654	3.13941220798794
2655	3.15480225988701
2656	3.1460843373494
2657	3.11930748964998
2658	3.08653122648608
2659	3.09138773975179
2660	3.11127819548872
2661	3.15821119879744
2662	3.11945905334335
2663	3.16034547502816
2664	3.10810810810811
2665	3.13095684803002
2666	3.19429857464366
2667	3.11961004874391
2668	3.19340329835082
2669	3.16373173473211
2670	3.1565543071161
2671	3.12242605765631
2672	3.1497005988024
2673	3.12457912457912
2674	3.1114435302917
2675	3.19551401869159
2676	3.13153961136024
2677	3.13634665670527
2678	3.15758028379388
2679	3.07726763717805
2680	3.11641791044776
2681	3.18239462886982
2682	3.13497390007457
2683	3.16958628401044
2684	3.10879284649776
2685	3.14487895716946
2686	3.15711094564408
2687	3.07257164123558
2688	3.14285714285714
2689	3.18928969877278
2690	3.07806691449814
2691	3.09030100334448
2692	3.13372956909361
2693	3.13405124396584
2694	3.15219005196733
2695	3.14508348794063
2696	3.09940652818991
2697	3.12791991101224
2698	3.14603409933284
2699	3.13894034827714
2700	3.14962962962963
2701	3.14253980007405
2702	3.21243523316062
2703	3.16833148353681
2704	3.1301775147929
2705	3.13641404805915
2706	3.14560236511456
2707	3.15035094200222
2708	3.17282127031019
2709	3.12882982650425
2710	3.11734317343173
2711	3.16783474732571
2712	3.15781710914454
2713	3.16107629929967
2714	3.17464996315402
2715	3.1292817679558
2716	3.16347569955817
2717	3.15789473684211
2718	3.19058130978661
2719	3.1261493196028
2720	3.18382352941176
2721	3.15031238515252
2722	3.12711241734019
2723	3.13477781858245
2724	3.17621145374449
2725	3.12807339449541
2726	3.13132795304475
2727	3.10964429776311
2728	3.11730205278592
2729	3.1513374862587
2730	3.1032967032967
2731	3.18711094837056
2732	3.16251830161054
2733	3.17306988657153
2734	3.11192392099488
2735	3.08153564899452
2736	3.08187134502924
2737	3.10266715381805
2738	3.18626734842951
2739	3.15589631252282
2740	3.11970802919708
2741	3.16526815031011
2742	3.07658643326039
2743	3.13379511483777
2744	3.15597667638484
2745	3.12568306010929
2746	3.17115804806992
2747	3.12486348744084
2748	3.09606986899563
2749	3.15314659876319
2750	3.17236363636364
2751	3.17848055252635
2752	3.13517441860465
2753	3.12386487468217
2754	3.14306463326071
2755	3.13611615245009
2756	3.22351233671988
2757	3.07000362713094
2758	3.11675126903553
2759	3.09967379485321
2760	3.12463768115942
2761	3.13509597971749
2762	3.17885590152064
2763	3.12993123416576
2764	3.13314037626628
2765	3.12911392405063
2766	3.11352133044107
2767	3.12685218648356
2768	3.17341040462428
2769	3.10292524377031
2770	3.185559566787
2771	3.19595813785637
2772	3.11832611832612
2773	3.11287414352687
2774	3.11896178803172
2775	3.11927927927928
2776	3.10230547550432
2777	3.11991357580122
2778	3.16486681065515
2779	3.18100035984167
2780	3.1410071942446
2781	3.10535778496944
2782	3.11718188353702
2783	3.13187208048868
2784	3.15373563218391
2785	3.14542190305206
2786	3.12706389088299
2787	3.12881234302117
2788	3.08608321377331
2789	3.08354248834708
2790	3.12401433691756
2791	3.1171623074167
2792	3.12893982808023
2793	3.11063372717508
2794	3.11524695776664
2795	3.09266547406082
2796	3.17310443490701
2797	3.15194851626743
2798	3.10936383130808
2799	3.13397642015005
2800	3.17142857142857
2801	3.16315601570868
2802	3.1192005710207
2803	3.15947199429183
2804	3.1398002853067
2805	3.1458110516934
2806	3.15324305060584
2807	3.14071962949768
2808	3.16809116809117
2809	3.13421146315415
2810	3.20284697508897
2811	3.15048025613661
2812	3.11379800853485
2813	3.19943121222894
2814	3.09594882729211
2815	3.13889875666075
2816	3.15340909090909
2817	3.14802981895634
2818	3.1639460610362
2819	3.10180915218162
2820	3.06241134751773
2821	3.12087912087912
2822	3.14245216158753
2823	3.11866808359901
2824	3.15297450424929
2825	3.14336283185841
2826	3.12668082094834
2827	3.1538733639901
2828	3.13295615275813
2829	3.11912336514669
2830	3.17031802120141
2831	3.19463087248322
2832	3.20621468926554
2833	3.14578185668902
2834	3.20959774170783
2835	3.13650793650794
2836	3.16925246826516
2837	3.13711667254142
2838	3.16138125440451
2839	3.16167664670659
2840	3.17746478873239
2841	3.15100316789863
2842	3.16537649542576
2843	3.11501934576152
2844	3.10829817158931
2845	3.17609841827768
2846	3.09065354884048
2847	3.17246224095539
2848	3.12359550561798
2849	3.08178308178308
2850	3.11719298245614
2851	3.11048754822869
2852	3.19635343618513
2853	3.16298633017876
2854	3.06797477224947
2855	3.19019264448336
2856	3.17226890756303
2857	3.13475673783689
2858	3.1742477256823
2859	3.1045820216859
2860	3.14125874125874
2861	3.12478154491437
2862	3.14046121593291
2863	3.11421585749214
2864	3.11312849162011
2865	3.17486910994764
2866	3.15701325889742
2867	3.14196023718172
2868	3.15481171548117
2869	3.12443360055769
2870	3.15121951219512
2871	3.11947056774643
2872	3.14484679665738
2873	3.17298990602158
2874	3.11760612386917
2875	3.15686956521739
2876	3.1029207232267
2877	3.140771637122
2878	3.16608756080612
2879	3.08440430705106
2880	3.13194444444444
2881	3.15584866365845
2882	3.17418459403192
2883	3.16059660076309
2884	3.14563106796116
2885	3.16811091854419
2886	3.14206514206514
2887	3.13404918600623
2888	3.14958448753463
2889	3.17064728279682
2890	3.17231833910035
2891	3.13663092355586
2892	3.11618257261411
2893	3.16626339440028
2894	3.1209398756047
2895	3.16269430051813
2896	3.14640883977901
2897	3.11218501898516
2898	3.09868875086266
2899	3.17902725077613
2900	3.13931034482759
2901	3.12443984832816
2902	3.17022742935906
2903	3.0892180502928
2904	3.17079889807163
2905	3.16144578313253
2906	3.15622849277357
2907	3.11936704506364
2908	3.1292984869326
2909	3.14334822963218
2910	3.07491408934708
2911	3.10408794228787
2912	3.1456043956044
2913	3.12255406797116
2914	3.14756348661634
2915	3.13550600343053
2916	3.16186556927298
2917	3.13609873157353
2918	3.1542152159013
2919	3.14354230900994
2920	3.13835616438356
2921	3.11811023622047
2922	3.17864476386037
2923	3.20492644543277
2924	3.21614227086183
2925	3.13709401709402
2926	3.16883116883117
2927	3.14451656986676
2928	3.17896174863388
2929	3.10959371799249
2930	3.18088737201365
2931	3.16069600818833
2932	3.11459754433834
2933	3.12853733378793
2934	3.13019768234492
2935	3.13867120954003
2936	3.13215258855586
2937	3.09022812393599
2938	3.11232130701157
2939	3.15617556992174
2940	3.15374149659864
2941	3.14722883373002
2942	3.14615907545887
2943	3.11790689772341
2944	3.11820652173913
2945	3.14838709677419
2946	3.13917175831636
2947	3.18425517475399
2948	3.13297150610583
2949	3.13597829772804
2950	3.15525423728814
2951	3.09996611318197
2952	3.13550135501355
2953	3.1506942092787
2954	3.16316858496953
2955	3.12825719120135
2956	3.09472259810555
2957	3.18701386540413
2958	3.1737660581474
2959	3.09158499493072
2960	3.17972972972973
2961	3.0854441067207
2962	3.10330857528697
2963	3.12791090111374
2964	3.11336032388664
2965	3.10016863406408
2966	3.1503708698584
2967	3.15739804516346
2968	3.12803234501348
2969	3.17547995958235
2970	3.18518518518519
2971	3.08717603500505
2972	3.13593539703903
2973	3.14968045745039
2974	3.13517148621385
2975	3.14621848739496
2976	3.16532258064516
2977	3.07961034598589
2978	3.15513767629281
2979	3.17690500167842
2980	3.17852348993289
2981	3.160013418316
2982	3.07444668008048
2983	3.19007710358699
2984	3.13270777479893
2985	3.1463986599665
2986	3.10917615539183
2987	3.15500502176096
2988	3.11378848728246
2989	3.12077617932419
2990	3.15719063545151
2991	3.13072550986292
2992	3.13502673796791
2993	3.15001670564651
2994	3.124916499666
2995	3.11452420701169
2996	3.17089452603471
2997	3.12846179512846
2998	3.11941294196131
2999	3.12237412470824
3000	3.14266666666667
